sample_id,taxonomy,experiment,od_loc_well,preculture_date,preculture_time,subculture_time,media,max_growth,r2
od00001,Bacteroides coprophilus DSMZ 18228,20180512.0,A01,20180512,24.0,,mm,0.0,
od00002,Bacteroides eggerthii DSMZ 20697,20180512.0,A02,20180512,24.0,,mm,0.04515375097096642,0.984185326756961
od00003,Bacteroides xylanoisolvens XB1A DSMZ 18836,20180512.0,A03,20180512,24.0,,mm,0.08819021624319041,0.9982531004463249
od00004,Prevotella buccalis ATCC 35310,20180512.0,A04,20180512,24.0,,mm,0.08485478167692077,0.998139960474467
od00005,Bacteroides cellulosilyticus DSMZ 14838,20180512.0,A05,20180512,24.0,,mm,0.045433166171682526,0.9987941962179895
od00006,Bacteroides theta VPI 5482,20180512.0,A06,20180512,24.0,,mm,0.10112226111876532,0.9996619077293416
od00007,Bacteroides fragilis NCTC 9343,20180512.0,A07,20180512,24.0,,mm,0.041345416230187816,0.9657222051674387
od00008,Bacteroides vulgatus ATCC 8482,20180512.0,A08,20180512,24.0,,mm,0.10734817645872052,0.9960600199824508
od00009,Bacteroides distasonis ATCC 8503,20180512.0,A09,20180512,24.0,,mm,0.09398070991242177,0.9996753125424452
od00010,Bacteroides caccae ATCC 43185,20180512.0,A10,20180512,24.0,,mm,0.0800167692324034,0.9986477820874853
od00011,Bacteroides ovatus ATCC 8483,20180512.0,A11,20180512,24.0,,mm,0.10515332460740673,0.9987841791814096
od00012,Bacteroides uniformis ATCC 8492,20180512.0,A12,20180512,24.0,,mm,0.06563026168604397,0.9981883393698001
od00013,Bacteroides acidifaciens DSMZ 15896,20180512.0,B01,20180512,24.0,,mm,0.036200377892330965,0.9982761654780086
od00014,Bacteroides intestinalis DSMZ 17393,20180512.0,B02,20180512,24.0,,mm,0.04340499073375155,0.9978984309649207
od00015,Bacteroides finegoldii DSMZ 17565,20180512.0,B03,20180512,24.0,,mm,0.0725631808945365,0.9989256022550659
od00016,Bacteroides eggerthii ATCC 27754,20180512.0,B04,20180512,24.0,,mm,0.05622588869841508,0.9824556424586447
od00017,Bacteroides pectinophilus ATCC 43243,20180512.0,B05,20180512,24.0,,mm,0.09465054695597974,0.9987706804051882
od00018,Bacteroides merdae ATCC 43184,20180512.0,B06,20180512,24.0,,mm,0.0498705128548705,0.9779961568026981
od00019,Bacteroides dorei DSMZ 17855,20180512.0,B07,20180512,24.0,,mm,0.0595353699240712,0.9986985844019066
od00020,Bacteroides stercoris ATCC 43183,20180512.0,B08,20180512,24.0,,mm,0.06820153359719275,0.984958972009833
od00021,Bacteroides plebeius DSMZ 17135,20180512.0,B09,20180512,24.0,,mm,0.06057190335759425,0.9993672211040937
od00022,Bacteroides plebeius DSMZ 17135,20180512.0,B10,20180512,24.0,,mm,0.04521357757364269,0.9868471618786414
od00023,Bacteroides theta 8713,20180512.0,B11,20180512,24.0,,mm,0.2299711684929479,0.9973882213214474
od00024,Prevotella copri DSMZ 18205,20180512.0,B12,20180512,24.0,,mm,0.22295036690511105,0.9965836052692344
od00025,Bacteroides sp. 3_1_19 BEI HM-19,20180512.0,C01,20180512,24.0,,mm,0.035552513506677964,0.9772498998026667
od00026,Bacteroides sp. D2 BEI HM-28,20180512.0,C02,20180512,24.0,,mm,0.06453840225925192,0.9983988145952246
od00027,Bacteroides sp. 2_1_22 BEI HM-18,20180512.0,C03,20180512,24.0,,mm,0.07711700137413977,0.978760199116348
od00028,Bacteroides dorei CL03T12C01 BEI HM-718,20180512.0,C04,20180512,24.0,,mm,0.028564995138799756,0.9475167509533593
od00029,Bacteroides salyersiae CL02T12C01 BEI HM-725,20180512.0,C05,20180512,24.0,,mm,0.08493814657113632,0.9998036450779189
od00030,Bacteroides vulgatus CL09T03C04 BEI HM-720,20180512.0,C06,20180512,24.0,,mm,0.06223898582713649,0.9776268062546953
od00031,Bacteroides dorei CL02T00C15 BEI HM-717,20180512.0,C07,20180512,24.0,,mm,0.04925281884768335,0.9615997723710142
od00032,Bacteroides sp. 2_1_16 BEI HM-58,20180512.0,C08,20180512,24.0,,mm,0.027587310077143993,0.9727556709495137
od00033,Bacteroides sp. 9_1_42FAA BEI HM-27,20180512.0,C09,20180512,24.0,,mm,0.04819256837969142,0.9410788543509567
od00034,Bacteroides stercoris CC31F BEI HM-1036,20180512.0,C10,20180512,24.0,,mm,0.06426435241219611,0.9767518919030047
od00035,Bacteroides ovatus 3_8_47FAA BEI HM-222,20180512.0,C11,20180512,24.0,,mm,0.011437243795579111,0.916262830150846
od00036,Bacteroides caccae CL03T12C61 BEI HM-728,20180512.0,C12,20180512,24.0,,mm,0.07262485465670009,0.9727006399999398
od00037,Bacteroides dorei 5_1_36/D4 BEI HM-29,20180512.0,D01,20180512,24.0,12.0,mm,0.05380195765896465,0.969977264815705
od00038,Bacteroides fragilis CL05T00C42 BEI HM-711,20180512.0,D02,20180512,24.0,,mm,0.042492906810842564,0.9888654349426818
od00039,Bacteroides finegoldii CL09T03C10 BEI HM-727,20180512.0,D03,20180512,24.0,,mm,0.059398576849442074,0.9992616344370252
od00040,Bacteroides fragilis 3_1_12 BEI HM-20,20180512.0,D04,20180512,24.0,,mm,0.07051038137232195,0.9981757399478112
od00041,Bacteroides sp. 1_1_30 BEI HM-22,20180512.0,D05,20180512,24.0,,mm,0.061154402870629,0.9923928710831819
od00042,Bacteroides fragilis CL03T12C07 BEI HM-714,20180512.0,D06,20180512,24.0,,mm,0.0683742047084801,0.9973610882223647
od00043,Bacteroides fragilis CL07T12C05 BEI HM-710,20180512.0,D07,20180512,24.0,,mm,0.19881580542930866,0.9975650128841526
od00044,Bacteroides dorei CL02T12C06 BEI HM-719,20180512.0,D08,20180512,24.0,12.0,mm,0.08294375645550407,0.996609673988249
od00045,Bacteroides sp. 1_1_6 BEI HM-23,20180512.0,D09,20180512,24.0,,mm,0.07486116748958668,0.9975464783683363
od00046,Parabacteroides sp. D13 BEI HM-77,20180512.0,D10,20180512,24.0,,mm,0.21161744194698554,0.9983719460901511
od00047,Bacteroides cellulosilyticus CL02T12C19 BEI HM-726,20180512.0,D11,20180512,24.0,,mm,0.16800797302830203,0.999765982844738
od00048,Parabacteroides merdae CL09T00C40 BEI HM-729,20180512.0,D12,20180512,24.0,,mm,0.18047301910175217,0.9968842158157685
od00049,Parabacteroides merdae CL03T12C32 BEI HM-730,20180512.0,E01,20180512,24.0,,mm,0.03172279888428877,0.9866530215033678
od00050,Parabacteroides johnsonii CL02T12C29 BEI HM-731,20180512.0,E02,20180512,24.0,,mm,0.025737132070482963,0.9979853219651827
od00051,Bacteroides sp. D20 BEI HM-189,20180512.0,E03,20180512,24.0,,mm,0.08755300153237687,0.9986689050857249
od00052,Bacteroides eggerthii 1_2_48FAA BEI HM-210,20180512.0,E04,20180512,24.0,,mm,0.14064493193415276,0.9894835955919663
od00053,Prevotella sp. CC98A BEI HM-1054,20180512.0,E05,20180512,24.0,,mm,0.10271389674914944,0.9943912563131488
od00054,Parabacteroides distasonis 31_2 BEI HM-169,20180512.0,E06,20180512,24.0,,mm,0.050842615228356265,0.9867125030419983
od00055,Bacteroides sp. 4_1_36 BEI HM-258,20180512.0,E07,20180512,24.0,12.0,mm,0.13882557819736666,0.9784353983157252
od00056,Parabacteroides sp. CC87F BEI HM-1050,20180512.0,E08,20180512,24.0,,mm,0.05984180029469774,0.9834387437791027
od00057,Acidaminococcus intestini D21 BEI HM-81,20180512.0,E09,20180512,24.0,12.0,mm,0.057565948884830756,0.9540217276598396
od00058,Acidaminococcus sp. HPA0509 BEI HM-853,20180512.0,E10,20180512,24.0,12.0,mm,0.26664008404189743,0.998853066391315
od00059,Anaerostipes sp. 3_2_56FAA BEI HM-220 904a,20180512.0,E11,20180512,24.0,12.0,mm,0.27334930048565953,0.9925742017326505
od00060,Anaerostipes sp. 3_2_56FAA BEI HM-220 904b,20180512.0,E12,20180512,24.0,12.0,mm,0.27766779371084754,0.9962024664910173
od00061,Bacillus sp. 7_6_55CFAA_CT2 BEI HM-231,20180512.0,F01,20180512,24.0,,mm,0.12279466776314707,0.9900276953583522
od00062,Blautia hansenii DSMZ 20583,20180512.0,F02,20180512,24.0,,mm,0.060252200148754584,0.9964698300202142
od00063,Blautia producta DMSZ 2950,20180512.0,F03,20180512,24.0,12.0,mm,0.11420493082953197,0.9684692961585268
od00064,Catabacter hongkongensis AB8_9 BEI HM-1192,20180512.0,F04,20180512,24.0,12.0,mm,0.19552752252253092,0.9939936822576705
od00065,Clostridiales sp. 3_1_39B/D5 BEI HM-84,20180512.0,F05,20180512,24.0,12.0,mm,0.26052771305424244,0.9949239350993349
od00066,Clostridiales sp. 4_1_37FAA BEI HM-182,20180512.0,F06,20180512,24.0,,mm,0.18484024184891906,0.9992350882929081
od00067,Clostridium aldenense WAL-18727 BEI HM-307,20180512.0,F07,20180512,24.0,12.0,mm,0.1848784562193728,0.9979972793276571
od00068,Clostridium bolteae WAL-14578 BEI HM-318,20180512.0,F08,20180512,24.0,12.0,mm,0.15624587745743995,0.9962326746347444
od00069,Clostridium cadaveris CC40_001C BEI HM-1039,20180512.0,F09,20180512,24.0,12.0,mm,0.19945844437403382,0.994521440123195
od00070,Clostridium cadaveris CC44_001G BEI HM-1040,20180512.0,F10,20180512,24.0,12.0,mm,0.2250692113030494,0.9899044854956837
od00071,Clostridium cadaveris CC88A BEI HM-1041,20180512.0,F11,20180512,24.0,12.0,mm,0.12473944725787747,0.9900813947918933
od00072,Clostridium citroniae WAL-17108 BEI HM-315,20180512.0,F12,20180512,24.0,12.0,mm,0.16733950175918205,0.9988496139923853
od00073,Clostridium clostridioforme 2_1_49FAA BEI HM-306,20180512.0,G01,20180512,24.0,12.0,mm,0.14701372178033112,0.9975810934958311
od00074,Clostridium clostridioforme WAL-7855 BEI HM-317,20180512.0,G02,20180512,24.0,12.0,mm,0.16531304455013532,0.9980387044675395
od00075,Clostridium hathewayi WAL-18680 BEI HM-308,20180512.0,G03,20180512,24.0,12.0,mm,0.1135847486369025,0.9988793290070829
od00076,Clostridium scindens ATCC 35704,20180512.0,G04,20180512,24.0,,mm,0.029058451246122968,0.9786388464162479
od00077,Tyzzerella nexilis DSM 1787,20180512.0,G05,20180512,24.0,12.0,mm,0.0,
od00078,Roseburia inulinivorans DSMZ 16841,20180512.0,G06,20180512,24.0,12.0,mm,0.1589558297398377,0.9944133040443435
od00079,Clostridium perfringens WAL-14572 BEI HM-310,20180512.0,G07,20180512,24.0,12.0,mm,0.20578027734466936,0.9975427964584865
od00080,Ruminococcus gnavus CC55_001C BEI HM-1056,20180512.0,G08,20180512,24.0,12.0,mm,0.24271260512808596,0.991080549621684
od00081,Eubacterium sp. 3_1_31 BEI HM-178,20180512.0,G09,20180512,24.0,,mm,0.10169530516408735,0.9994655250249211
od00082,Clostridium symbiosum WAL 14673 BEI HM-319,20180512.0,G10,20180512,24.0,12.0,mm,0.18498141849541486,0.9574332627780376
od00083,Lactobacillus rhamnosus GG ATCC 53103,20180512.0,G11,20180512,24.0,,mm,0.10297282701381713,0.9261776834009808
od00084,Lactobacillus reuteri CF48-3A BEI HM-102,20180512.0,G12,20180512,24.0,12.0,mm,0.2309652093655395,0.9976090364876963
od00085,Lachnospiraceae sp. 1_4_56FAA BEI HM-161,20180512.0,H01,20180512,24.0,,mm,0.06067678002525013,0.9173204650238246
od00086,Enterococcus faecalis TX1322 BEI HM-202,20180512.0,H02,20180512,24.0,12.0,mm,0.07391148497391002,0.9919626152210705
od00087,Streptococcus parasanguinis CC87K BEI HM-1060,20180512.0,H03,20180512,24.0,12.0,mm,0.1533489514758349,0.995774472788613
od00088,Peptostreptococcus sp. CC14N BEI HM-1051,20180512.0,H04,20180512,24.0,12.0,mm,0.17839414730876904,0.9902930481198455
od00089,Veillonella sp. 6_1_27 BEI HM-49,20180512.0,H05,20180512,24.0,12.0,mm,0.1766811088511081,0.9901880508947136
od00090,Erysipelotrichaceae sp. 6_1_45 BEI HM-180,20180512.0,H06,20180512,24.0,,mm,0.25125476596854285,0.997204603630099
od00091,media_blank,20180512.0,H07,20180512,24.0,,mm,0.0,
od00092,media_blank,20180512.0,H08,20180512,24.0,,mm,0.0,
od00093,media_blank,20180512.0,H09,20180512,24.0,,mm,0.0,
od00094,media_blank,20180512.0,H10,20180512,24.0,,mm,0.0,
od00095,media_blank,20180512.0,H11,20180512,24.0,,mm,0.0,
od00096,media_blank,20180512.0,H12,20180512,24.0,,mm,0.0,
od00097,Acidaminococcus fermentans DSMZ 20731,20180618.0,A01,20180618,24.0,,mm,0.013529621706973782,0.9955885305661327
od00098,Acidaminococcus intestini D21 BEI HM-81,20180618.0,A02,20180618,24.0,12.0,mm,0.015652365779625435,0.998131776306479
od00099,Acidaminococcus sp. HPA0509 BEI HM-853,20180618.0,A03,20180618,24.0,12.0,mm,0.023697025575223976,0.9985333976716919
od00100,Anaerococcus lactolyticus DSMZ 7456,20180618.0,A04,20180618,24.0,12.0,mm,0.20249381498218944,0.996121283271301
od00101,Anaerofustis stercorihominis DSMZ 17244,20180618.0,A05,20180618,24.0,,mm,0.07327709777946168,0.9985914811114455
od00102,Anaerostipes sp. 3_2_56FAA BEI HM-220 904a,20180618.0,A06,20180618,24.0,12.0,mm,0.17967624802001392,0.9956553658580141
od00103,Mitsuokella multacida DSMZ 20544,20180618.0,A07,20180618,24.0,12.0,mm,0.06802694980455058,0.9929594171066434
od00104,Oscillibacter sp. KLE 1728 BEI HM-1030,20180618.0,A08,20180618,24.0,,mm,0.008611033957853965,0.9579412278735264
od00105,Anerociccus sp. CC31C BEI HM-1034,20180618.0,A09,20180618,24.0,,mm,0.028612151011425314,0.9947826365643662
od00106,Bacillus sp. 7_6_55CFAA_CT2 BEI HM-231,20180618.0,A10,20180618,24.0,12.0,mm,0.11820285610213174,0.9928280133996304
od00107,Blautia hansenii DSMZ 20583,20180618.0,A11,20180618,24.0,,mm,0.15057285039928428,0.997011402927732
od00108,Blautia hydrogenotrophica DSMZ 10507,20180618.0,A12,20180618,24.0,,mm,0.0,
od00109,Blautia producta DMSZ 2950,20180618.0,B01,20180618,24.0,12.0,mm,0.13746423339196762,0.9940839028577321
od00110,Catabacter hongkongensis AB8_9 BEI HM-1192,20180618.0,B02,20180618,24.0,,mm,0.0,
od00111,Catenibacterium mitsuokai DSMZ 15897,20180618.0,B03,20180618,24.0,,mm,0.016456568316356564,0.9696931230416612
od00112,Clostridiales sp. 3_1_39B/D5 BEI HM-84,20180618.0,B04,20180618,24.0,12.0,mm,0.15954110829302748,0.9948079500693776
od00113,Clostridiales sp. 4_1_37FAA BEI HM-182,20180618.0,B05,20180618,24.0,12.0,mm,0.1727866000133151,0.9929512228717907
od00114,Clostridioides difficile 630 BAA-1382,20180618.0,B06,20180618,24.0,,mm,0.0,
od00115,Clostridium aldenense WAL-18727 BEI HM-307,20180618.0,B07,20180618,24.0,12.0,mm,0.218822141866817,0.9862200513926518
od00116,Clostridium asparagiforme DSMZ 15981,20180618.0,B08,20180618,24.0,12.0,mm,0.18690323849229015,0.9890535503301483
od00117,Intestinibacter bartlettii DSM 16795,20180618.0,B09,20180618,24.0,12.0,mm,0.22080577177619515,0.9903305501293045
od00118,Clostridium bolteae CC43_001B BEI HM-1038,20180618.0,B10,20180618,24.0,12.0,mm,0.19242676276963727,0.9969274055014267
od00119,Clostridium bolteae WAL-14578 BEI HM-318,20180618.0,B11,20180618,24.0,12.0,mm,0.139149065600028,0.943384968502998
od00120,Clostridium bolteae ATCC BAA-613,20180618.0,B12,20180618,24.0,12.0,mm,0.2022837881372298,0.9915478782894248
od00121,Clostridium cadaveris CC40_001C BEI HM-1039,20180618.0,C01,20180618,24.0,12.0,mm,0.12786524805917437,0.9767900954489444
od00122,Clostridium cadaveris CC44_001G BEI HM-1040,20180618.0,C02,20180618,24.0,12.0,mm,0.1664077527937311,0.9808511798145318
od00123,Clostridium cadaveris CC88A BEI HM-1041,20180618.0,C03,20180618,24.0,12.0,mm,0.07067523337403872,0.981298460866579
od00124,Clostridium citroniae WAL-17108 BEI HM-315,20180618.0,C04,20180618,24.0,12.0,mm,0.10256827281534836,0.9989386510006838
od00125,Clostridium clostridioforme 2_1_49FAA BEI HM-306,20180618.0,C05,20180618,24.0,12.0,mm,0.17459334926316905,0.9935162515373239
od00126,Clostridium clostridioforme WAL-7855 BEI HM-317,20180618.0,C06,20180618,24.0,12.0,mm,0.16870956726640401,0.9862966608403996
od00127,Clostridium hathewayi WAL-18680 BEI HM-308,20180618.0,C07,20180618,24.0,,mm,0.1593290630279883,0.9914190152821942
od00128,Hungatella hathewayi DSM 13479,20180618.0,C08,20180618,24.0,12.0,mm,0.18543860758537337,0.9929085675182865
od00129,Eubacterium eligens DSMZ 3376,20180618.0,C09,20180618,24.0,,mm,0.10076122496247432,0.9989805944461327
od00130,Clostridium innocuum 6_1_30 BEI HM-173,20180618.0,C10,20180618,24.0,,mm,0.15152488670125958,0.9986425139867299
od00131,Clostridium leptum DSMZ 753,20180618.0,C11,20180618,24.0,,mm,0.029123676751720774,0.9960140570186137
od00132,Clostridium methylpentosum DSMZ 5476,20180618.0,C12,20180618,24.0,12.0,mm,0.18833472231609472,0.9910046722692178
od00133,Clostridium nexile DSMZ 1787,20180618.0,D01,20180618,24.0,,mm,0.021443659187992955,0.9897066613255119
od00134,Clostridium orbiscindens BEI HM-303,20180618.0,D02,20180618,24.0,12.0,mm,0.022055183146730942,0.9979270567377019
od00135,Clostridium perfringens WAL-14572 BEI HM-310,20180618.0,D03,20180618,24.0,12.0,mm,0.156404139990184,0.9965279962893165
od00136,Clostridium perfringens,20180618.0,D04,20180618,24.0,,mm,0.0,
od00137,Clostridium saccharolyticum WM1 DSMZ 2544,20180618.0,D05,20180618,24.0,12.0,mm,0.1619934195630335,0.9930486311444597
od00138,Clostridium scindens ATCC 35704,20180618.0,D06,20180618,24.0,,mm,0.17647005381417533,0.9993348903463365
od00139,media_blank,20180618.0,D07,20180618,24.0,12.0,mm,0.0,
od00140,Clostridium sporogenes ATCC 15579,20180618.0,D08,20180618,24.0,12.0,mm,0.18980250341643093,0.993304411062689
od00141,Clostridium symbiosum WAL 14673 BEI HM-319,20180618.0,D09,20180618,24.0,12.0,mm,0.25395243599021916,0.9940432424747241
od00142,Clostridium symbiosum BEI HM-309,20180618.0,D10,20180618,24.0,12.0,mm,0.24242593275822413,0.994710763629361
od00143,Clostridium sp. 7_2_43FAA BEI HM-36,20180618.0,D11,20180618,24.0,,mm,0.0,
od00144,Clostridium sp. CC43_001K BEI HM-1044,20180618.0,D12,20180618,24.0,,mm,0.01146911145203529,0.9781560093984046
od00145,Clostridium sp. HGF2 BEI HM-287,20180618.0,E01,20180618,24.0,,mm,0.0,
od00146,Clostridium sp. KLE 1755 BEI HM-1033,20180618.0,E02,20180618,24.0,,mm,0.10942045657176452,0.9998351015345841
od00147,Clostridium sp. L2-50 BEI HM-634,20180618.0,E03,20180618,24.0,,mm,0.03933890776646035,0.996954410631078
od00148,Clostridium sp. M62/1 BEI HM-635,20180618.0,E04,20180618,24.0,,mm,0.0,
od00149,Coprobacillus sp. 8_2_54BFAA BEI HM-176,20180618.0,E05,20180618,24.0,,mm,0.18206377800983528,0.9990861152246304
od00150,Coprobacillus sp. D6 (29_1) BEI HM-85,20180618.0,E06,20180618,24.0,,mm,0.0,
od00151,Coprococcus comes ATCC 27758,20180618.0,E07,20180618,24.0,12.0,mm,0.2316090229862988,0.9973672392560492
od00152,Coprococcus eutactus ATCC 27759,20180618.0,E08,20180618,24.0,,mm,0.0,
od00153,Coprococcus sp. HPP0048 BEI HM-794,20180618.0,E09,20180618,24.0,12.0,mm,0.1857279715135533,0.9979095770920209
od00154,Coprococcus sp. HPP0074 BEI HM-793,20180618.0,E10,20180618,24.0,12.0,mm,0.21753887932866595,0.9940893257645802
od00155,Dialister invisus DSMZ 15470,20180618.0,E11,20180618,24.0,,mm,0.08606016183632455,0.9956521072143086
od00156,Dorea formicigenerans ATCC 27755,20180618.0,E12,20180618,24.0,,mm,0.06837318322169365,0.9916588059704113
od00157,Dorea longicatena DSMZ 13814,20180618.0,F01,20180618,24.0,12.0,mm,0.14578529981978683,0.9853553513428448
od00158,Enterococcus faecalis TX1322 BEI HM-202,20180618.0,F02,20180618,24.0,12.0,mm,0.0,
od00159,Enterococcus faecalis TX2137 BEI HM-432,20180618.0,F03,20180618,24.0,12.0,mm,0.0,
od00160,Enterococcus faecium ERV165 BEI HM-970,20180618.0,F04,20180618,24.0,12.0,mm,0.0,
od00161,Enterococcus faecium TX1330 BEI HM-204,20180618.0,F05,20180618,24.0,12.0,mm,0.0,
od00162,Erysipelotrichaceae sp. 6_1_45 BEI HM-180,20180618.0,F06,20180618,24.0,,mm,0.0,
od00163,Holdemanella biformis DSMZ 3989,20180618.0,F07,20180618,24.0,12.0,mm,0.12019472649894074,0.9970857887675504
od00164,Eubacterium dolichum DSMZ 3991,20180618.0,F08,20180618,24.0,,mm,0.09144097943210103,0.9974651827951438
od00165,Clostridium hylemonae DSMZ 15053,20180618.0,F09,20180618,24.0,,mm,0.15945987419915494,0.961929054375583
od00166,Eubacterium hallii DSMZ 3353,20180618.0,F10,20180618,24.0,,mm,0.0,
od00167,Eubacterium rectale ATCC 33656,20180618.0,F11,20180618,24.0,12.0,mm,0.1498016688980704,0.9988695964257046
od00168,Eubacterium siraeum DSMZ 15702,20180618.0,F12,20180618,24.0,,mm,0.01979756651295425,0.9942760447496117
od00169,Eubacterium ventriosum DSMZ 3988,20180618.0,G01,20180618,24.0,12.0,mm,0.10058889832521792,0.9988883107072197
od00170,Eubacterium sp. 3_1_31 BEI HM-178,20180618.0,G02,20180618,24.0,,mm,0.0,
od00171,Facklamia sp. HGF4 BEI HM-289,20180618.0,G03,20180618,24.0,12.0,mm,0.15723043647113913,0.9983582718656073
od00172,Anaerostipes caccae DSMZ 14662,20180618.0,G04,20180618,24.0,12.0,mm,0.16367109243666317,0.9927369700013828
od00173,Clostridium spiroforme DSMZ 1552,20180618.0,G05,20180618,24.0,,mm,0.0,
od00174,Granulicatella adiacens DSMZ 9848,20180618.0,G06,20180618,24.0,12.0,mm,0.13574792263473792,0.9961756322679692
od00175,Granulicatella sp. CC94D BEI HM-1047,20180618.0,G07,20180618,24.0,,mm,0.0,
od00176,Holdemania filiformis DSMZ 12042,20180618.0,G08,20180618,24.0,,mm,0.08107259501543444,0.9982828089083986
od00177,Lachnospiraceae sp. 2_1_58FAA BEI HM-154,20180618.0,G09,20180618,24.0,12.0,mm,0.035087069177307285,0.9733966730021384
od00178,Lachnospiraceae sp. 1_4_56FAA BEI HM-161,20180618.0,G10,20180618,24.0,12.0,mm,0.1989899814735399,0.9850902470129979
od00179,Lachnospiraceae sp. 5_1_57FAA BEI HM-157a,20180618.0,G11,20180618,24.0,,mm,0.12478815182754532,0.9992155703444375
od00180,Lachnospiraceae sp. 5_1_57FAA BEI HM-157b,20180618.0,G12,20180618,24.0,12.0,mm,0.032715201388310224,0.998643541028978
od00181,Lachnospiraceae sp. 6_1_63FAA BEI HM-150,20180618.0,H01,20180618,24.0,,mm,0.0,
od00182,Lachnospiraceae sp. 7_1_58FAA BEI HM-153,20180618.0,H02,20180618,24.0,,mm,0.02147719141421362,0.9982933231017703
od00183,Lactobacillus plantarum ATCC BAA-793,20180618.0,H03,20180618,24.0,12.0,mm,0.09808205148653795,0.9891515573021743
od00184,Lactobacillus reuteri CF48-3A BEI HM-102,20180618.0,H04,20180618,24.0,12.0,mm,0.07577084937480111,0.99597103303708
od00185,Lactobacillus rhamnosus GG ATCC 53103,20180618.0,H05,20180618,24.0,12.0,mm,0.1435696650022582,0.9934852338032246
od00186,Lactobacillus rhamnosus LMS2-1 BEI HM-106,20180618.0,H06,20180618,24.0,12.0,mm,0.09539144244242916,0.9916810516898225
od00187,Lactobacillus ruminis ATCC 25644,20180618.0,H07,20180618,24.0,12.0,mm,0.1653983727313392,0.9898381433762448
od00188,Lactococcus lactis DSMZ 20729,20180618.0,H08,20180618,24.0,12.0,mm,0.0,
od00189,Marvinbryantia formatexigens DSMZ 14469,20180618.0,H09,20180618,24.0,,mm,0.0,
od00190,Megasphaera sp. DSMZ 102144,20180618.0,H10,20180618,24.0,,mm,0.0,
od00191,media_blank,20180618.0,H11,20180618,24.0,12.0,mm,0.0,
od00192,media_blank,20180618.0,H12,20180618,24.0,12.0,mm,0.0,
od00193,Alistipes putredinis DSMZ 17216,20180629.0,A01,20180629,25.0,,mm,0.0,
od00194,Bacteroides acidifaciens DSMZ 15896,20180629.0,A02,20180629,25.0,,mm,0.0,
od00195,Bacteroides caccae CL03T12C61 BEI HM-728,20180629.0,A03,20180629,25.0,24.0,mm,0.05867725058565538,0.9892960806977676
od00196,Bacteroides caccae ATCC 43185,20180629.0,A04,20180629,25.0,24.0,mm,0.09865621841910309,0.9982964992283171
od00197,Bacteroides cellulosilyticus CL02T12C19 BEI HM-726,20180629.0,A05,20180629,25.0,24.0,mm,0.06435861459781356,0.998450853502467
od00198,Bacteroides cellulosilyticus DSMZ 14838,20180629.0,A06,20180629,25.0,24.0,mm,0.09270192271699461,0.9972801980741666
od00199,media_blank,20180629.0,A07,20180629,25.0,,mm,0.0,
od00200,Bacteroides coprophilus DSMZ 18228,20180629.0,A08,20180629,25.0,24.0,mm,0.04908059641844327,0.9883593977410807
od00201,Parabacteroides distasonis ATCC 8503,20180629.0,A09,20180629,25.0,24.0,mm,0.10534173686947026,0.9993084786667056
od00202,Bacteroides dorei 5_1_36/D4 BEI HM-29,20180629.0,A10,20180629,25.0,24.0,mm,0.10928482477047947,0.9987273787235692
od00203,Bacteroides dorei CL02T00C15 BEI HM-717,20180629.0,A11,20180629,25.0,24.0,mm,0.05923022850258514,0.9801353367572546
od00204,Bacteroides dorei CL02T12C06 BEI HM-719,20180629.0,A12,20180629,25.0,24.0,mm,0.055174351401423065,0.9672254163030279
od00205,Bacteroides dorei CL03T12C01 BEI HM-718,20180629.0,B01,20180629,25.0,24.0,mm,0.0646267606814161,0.9981554408488432
od00206,Bacteroides dorei DSMZ 17855,20180629.0,B02,20180629,25.0,,mm,0.03838171105101872,0.9985852122306924
od00207,Bacteroides eggerthii 1_2_48FAA BEI HM-210,20180629.0,B03,20180629,25.0,24.0,mm,0.1348601673353741,0.9962759423948069
od00208,Bacteroides eggerthii ATCC 27754,20180629.0,B04,20180629,25.0,24.0,mm,0.07572986857483344,0.9989955817659295
od00209,Bacteroides eggerthii ATCC 27754,20180629.0,B05,20180629,25.0,24.0,mm,0.07093199120079212,0.9978484545083462
od00210,Bacteroides finegoldii CL09T03C10 BEI HM-727,20180629.0,B06,20180629,25.0,24.0,mm,0.06573246250182528,0.9963875426648509
od00211,Bacteroides finegoldii DSMZ 17565,20180629.0,B07,20180629,25.0,,mm,0.07815801223406571,0.9985514641640879
od00212,Bacteroides fragilis 3_1_12 BEI HM-20,20180629.0,B08,20180629,25.0,24.0,mm,0.08723937337727572,0.9835493894182488
od00213,Bacteroides fragilis CL03T12C07 BEI HM-714,20180629.0,B09,20180629,25.0,24.0,mm,0.16772209478990538,0.9973428192671171
od00214,Bacteroides fragilis CL05T00C42 BEI HM-711,20180629.0,B10,20180629,25.0,24.0,mm,0.14952762233862069,0.99750004888403
od00215,Bacteroides fragilis CL07T12C05 BEI HM-710,20180629.0,B11,20180629,25.0,24.0,mm,0.08511211614308975,0.9785396134766149
od00216,Bacteroides fragilis NCTC 9343,20180629.0,B12,20180629,25.0,24.0,mm,0.14230213140668288,0.996811890633312
od00217,Bacteroides intestinalis DSMZ 17393,20180629.0,C01,20180629,25.0,24.0,mm,0.05995492438643936,0.9976048231604714
od00218,Bacteroides merdae ATCC 43184,20180629.0,C02,20180629,25.0,,mm,0.016432753884424223,0.9988793954502498
od00219,Bacteroides ovatus 3_8_47FAA BEI HM-222,20180629.0,C03,20180629,25.0,24.0,mm,0.08084780273449045,0.9975876616927944
od00220,Bacteroides ovatus ATCC 8483,20180629.0,C04,20180629,25.0,24.0,mm,0.11069506812340836,0.9991090473904947
od00221,Bacteroides pectinophilus ATCC 43243,20180629.0,C05,20180629,25.0,24.0,mm,0.07662002474257036,0.9973133457476149
od00222,Bacteroides plebeius DSMZ 17135,20180629.0,C06,20180629,25.0,24.0,mm,0.03166331609537768,0.9244425024436728
od00223,Bacteroides salyersiae CL02T12C01 BEI HM-725,20180629.0,C07,20180629,25.0,24.0,mm,0.1025035332057865,0.9995404634959631
od00224,Bacteroides stercoris CC31F BEI HM-1036,20180629.0,C08,20180629,25.0,24.0,mm,0.09776737928639995,0.9969914379968091
od00225,Bacteroides stercoris ATCC 43183,20180629.0,C09,20180629,25.0,24.0,mm,0.10806321639041712,0.9987525555466817
od00226,Bacteroides thetaiotaomicron 633,20180629.0,C10,20180629,25.0,24.0,mm,0.0933778521339682,0.9980301875038972
od00227,Bacteroides thetaiotaomicron 940,20180629.0,C11,20180629,25.0,24.0,mm,0.1121329893775445,0.9961314202317297
od00228,Bacteroides thetaiotaomicron 3730,20180629.0,C12,20180629,25.0,24.0,mm,0.0696326816993702,0.9920824464510268
od00229,Bacteroides thetaiotaomicron 3731,20180629.0,D01,20180629,25.0,24.0,mm,0.05560697569069432,0.9960364219029723
od00230,Bacteroides thetaiotaomicron 7330,20180629.0,D02,20180629,25.0,24.0,mm,0.0566170401256466,0.9815171436889646
od00231,Bacteroides thetaiotaomicron 7853,20180629.0,D03,20180629,25.0,24.0,mm,0.09181532030740401,0.9986619374534572
od00232,Bacteroides thetaiotaomicron 8702,20180629.0,D04,20180629,25.0,24.0,mm,0.08045532009723731,0.9964014337876962
od00233,Bacteroides thetaiotaomicron 8713,20180629.0,D05,20180629,25.0,24.0,mm,0.08861691052422102,0.9968375199169576
od00234,Bacteroides thetaiotaomicron 8736,20180629.0,D06,20180629,25.0,24.0,mm,0.10539610614804248,0.9970202967590767
od00235,Bacteroides thetaiotaomicron wh302,20180629.0,D07,20180629,25.0,24.0,mm,0.12219702346377743,0.9991152740934558
od00236,Bacteroides thetaiotaomicron wh305,20180629.0,D08,20180629,25.0,24.0,mm,0.10264344485009864,0.9994696680468426
od00237,Bacteroides thetaiotaomicron VPI 5482,20180629.0,D09,20180629,25.0,24.0,mm,0.08441625537579191,0.9964335619047758
od00238,Bacteroides uniformis ATCC 8492,20180629.0,D10,20180629,25.0,24.0,mm,0.1468405452707102,0.9983989179325722
od00239,Bacteroides vulgatus CL09T03C04 BEI HM-720,20180629.0,D11,20180629,25.0,24.0,mm,0.1281303795399665,0.9992042031423598
od00240,Bacteroides vulgatus ATCC 8482,20180629.0,D12,20180629,25.0,24.0,mm,0.10933461706108048,0.9983547341116764
od00241,Bacteroides xylanoisolvens XB1A DSMZ 18836,20180629.0,E01,20180629,25.0,24.0,mm,0.08287002646767133,0.9956017767783384
od00242,Bacteroides sp. 1_1_30 BEI HM-22,20180629.0,E02,20180629,25.0,24.0,mm,0.0682128749958333,0.997824571533613
od00243,Bacteroides sp. 1_1_6 BEI HM-23,20180629.0,E03,20180629,25.0,24.0,mm,0.08870182649226695,0.9970178260356632
od00244,Bacteroides sp. 2_1_16 BEI HM-58,20180629.0,E04,20180629,25.0,24.0,mm,0.17731271636696427,0.9975750128251317
od00245,Bacteroides sp. 2_1_22 BEI HM-18,20180629.0,E05,20180629,25.0,24.0,mm,0.0725429618761735,0.9896794918649003
od00246,Bacteroides sp. 3_1_19 BEI HM-19,20180629.0,E06,20180629,25.0,,mm,0.039663383438008105,0.9940979636698499
od00247,Bacteroides sp. 4_1_36 BEI HM-258,20180629.0,E07,20180629,25.0,24.0,mm,0.15168557752779796,0.9986787169667543
od00248,Bacteroides sp. 9_1_42FAA BEI HM-27,20180629.0,E08,20180629,25.0,24.0,mm,0.10202398849715016,0.9662833865404885
od00249,Bacteroides sp. D2 BEI HM-28,20180629.0,E09,20180629,25.0,24.0,mm,0.10312373161460654,0.9989705063055133
od00250,Bacteroides sp. D20 BEI HM-189,20180629.0,E10,20180629,25.0,24.0,mm,0.09556287808624475,0.9973332364750513
od00251,media_blank,20180629.0,E11,20180629,25.0,,mm,0.0,
od00252,Capnocytophaga sp. CC21_001D BEI HM-1037,20180629.0,E12,20180629,25.0,,mm,0.0,
od00253,Parabacteroides distasonis 31_2 BEI HM-169,20180629.0,F01,20180629,25.0,,mm,0.024744556187507753,0.9968048062483282
od00254,Parabacteroides johnsonii CL02T12C29 BEI HM-731,20180629.0,F02,20180629,25.0,,mm,0.07669566377816261,0.9978689617884425
od00255,Parabacteroides johnsonii DSMZ 18315,20180629.0,F03,20180629,25.0,,mm,0.016078943482587798,0.9858100189715339
od00256,Parabacteroides merdae CL03T12C32 BEI HM-730,20180629.0,F04,20180629,25.0,,mm,0.010333694250917822,0.9963641188299952
od00257,Parabacteroides merdae CL09T00C40 BEI HM-729,20180629.0,F05,20180629,25.0,,mm,0.006570500892100646,0.9820842407556797
od00258,Parabacteroides goldsteinii CC87F BEI HM-1050,20180629.0,F06,20180629,25.0,24.0,mm,0.07462507919827653,0.9942769063498307
od00259,Parabacteroides sp. D13 BEI HM-77,20180629.0,F07,20180629,25.0,,mm,0.03811723322592039,0.9938605119602238
od00260,Prevotella buccae D17,20180629.0,F08,20180629,25.0,,mm,0.0,
od00261,Prevotella buccalis ATCC 35310,20180629.0,F09,20180629,25.0,,mm,0.022804901784204884,0.9738522472659243
od00262,Prevotella copri DSMZ 18205,20180629.0,F10,20180629,25.0,24.0,mm,0.1365513759733961,0.9991370643785248
od00263,Prevotella oralis HGA0225 BEI HM-849,20180629.0,F11,20180629,25.0,,mm,0.0,
od00264,Prevotella sp. CC98A BEI HM-1054,20180629.0,F12,20180629,25.0,,mm,0.0,
od00265,Acidaminococcus fermentans DSMZ 20731,20180629.0,G01,20180629,25.0,24.0,mm,0.0,
od00266,Anerociccus sp. CC31C BEI HM-1034,20180629.0,G02,20180629,25.0,,mm,0.025488315332698054,0.9879158896275548
od00267,Blautia hansenii DSMZ 20583,20180629.0,G03,20180629,25.0,,mm,0.02901489313190266,0.9908876301138768
od00268,Blautia hydrogenotrophica DSMZ 10507,20180629.0,G04,20180629,25.0,,mm,0.0,
od00269,Catenibacterium mitsuokai DSMZ 15897,20180629.0,G05,20180629,25.0,,mm,0.12748878735312014,0.9937555177520676
od00270,contaminated,20180629.0,G06,20180629,25.0,,mm,0.06800625909648031,0.9859452532034165
od00271,Clostridium leptum DSMZ 753,20180629.0,G07,20180629,25.0,,mm,0.04024116743103415,0.9943109946878878
od00272,contaminated,20180629.0,G08,20180629,25.0,,mm,0.11620090848164798,0.9991054545211222
od00273,contaminated,20180629.0,G09,20180629,25.0,,mm,0.11071334510629334,0.9984435110995313
od00274,Clostridium sp. 7_2_43FAA BEI HM-36,20180629.0,G10,20180629,25.0,,mm,0.0,
od00275,Clostridium sp. CC43_001K BEI HM-1044,20180629.0,G11,20180629,25.0,,mm,0.013341210029376542,0.9921260524476613
od00276,Clostridium sp. HGF2 BEI HM-287,20180629.0,G12,20180629,25.0,,mm,0.0,
od00277,Clostridium sp. KLE 1755 BEI HM-1033,20180629.0,H01,20180629,25.0,,mm,0.09951187080470267,0.9995223820167684
od00278,Clostridium sp. L2-50 BEI HM-634,20180629.0,H02,20180629,25.0,,mm,0.03566925250987143,0.9965330410909282
od00279,contaminated,20180629.0,H03,20180629,25.0,,mm,0.0747486836514335,0.9997194777358063
od00280,Coprobacillus sp. 8_2_54BFAA BEI HM-176,20180629.0,H04,20180629,25.0,,mm,0.0,
od00281,Coprobacillus sp. D6 (29_1) BEI HM-85,20180629.0,H05,20180629,25.0,,mm,0.0,
od00282,Coprococcus eutactus ATCC 27759,20180629.0,H06,20180629,25.0,,mm,0.0,
od00283,Dialister invisus DSMZ 15470,20180629.0,H07,20180629,25.0,24.0,mm,0.08393023914292949,0.9967979257575367
od00284,Erysipelotrichaceae sp. 6_1_45 BEI HM-180,20180629.0,H08,20180629,25.0,,mm,0.0,
od00285,Eubacterium dolichum DSMZ 3991,20180629.0,H09,20180629,25.0,24.0,mm,0.08387513266158776,0.9975994987970759
od00286,Eubacterium eligens DSMZ 3376,20180629.0,H10,20180629,25.0,24.0,mm,0.11338247709514493,0.9990210082228128
od00287,Eubacterium hallii DSMZ 3353,20180629.0,H11,20180629,25.0,,mm,0.0,
od00288,Eubacterium siraeum DSMZ 15702,20180629.0,H12,20180629,25.0,,mm,0.01684254408460375,0.9958904910501933
od00289,Bacteroides dorei DSMZ 17855,20180716.0,A01,20180715,29.0,,mm,0.012319917560044797,0.9858846958666339
od00290,Anaerofustis stercorihominis DSMZ 17244,20180716.0,A02,20180715,29.0,,mm,0.04030693386728074,0.9941011469447699
od00291,Clostridium leptum DSMZ 753,20180716.0,A03,20180715,29.0,,mm,0.003864108385756631,0.9726801924947226
od00292,Lachnospiraceae sp. 7_1_58FAA BEI HM-153,20180716.0,A04,20180715,29.0,,mm,0.020016636287740096,0.9989083440736191
od00293,Ruminococcus bromii ATCC 27255,20180716.0,A05,20180715,29.0,,mm,0.045045427188183024,0.9968092808010695
od00294,Streptococcus sp. CC87K BEI HM-1060,20180716.0,A06,20180715,29.0,,mm,0.1329471591478099,0.9968564279826435
od00295,Bifidobacterium catenulatum DSMZ 16992,20180716.0,A07,20180715,29.0,,mm,0.03116505320912839,0.9965326780552969
od00296,Collinsella stercoris DSMZ 13279,20180716.0,A08,20180715,29.0,,mm,0.0,
od00297,Citrobacter youngae ATCC 29220,20180716.0,A09,20180715,29.0,16.0,mm,0.0,
od00298,media_blank,20180716.0,A10,20180715,29.0,,mm,0.0,
od00299,Bacteroides finegoldii DSMZ 17565,20180716.0,B01,20180715,29.0,,mm,0.01981858029781634,0.9663874362625956
od00300,Anaerostipes sp. 3_2_56FAA BEI HM-220 904b,20180716.0,B02,20180715,29.0,16.0,mm,0.1538298095071423,0.9777400705370893
od00301,Clostridium nexile DSMZ 1787,20180716.0,B03,20180715,29.0,,mm,0.015029030751596716,0.9181892580049086
od00302,Peptostreptococcus sp. CC14N BEI HM-1051,20180716.0,B04,20180715,29.0,16.0,mm,0.0911773901812518,0.9980622196171708
od00303,Ruminococcus gnavus CC55_001C BEI HM-1056,20180716.0,B05,20180715,29.0,16.0,mm,0.17177375539721926,0.9974881972795513
od00304,Streptococcus sanguinis CC94A BEI HM-1061,20180716.0,B06,20180715,29.0,16.0,mm,0.19656567146700515,0.9914479916409997
od00305,Bifidobacterium dentium ATCC 27678,20180716.0,B07,20180715,29.0,,mm,0.16821191521928214,0.9993710347565857
od00306,Eggerthella lenta DSMZ 2243,20180716.0,B08,20180715,29.0,16.0,mm,0.03672800427255343,0.9976963071966948
od00307,Citrobacter portucalensis 30_2  BEI HM-34,20180716.0,B09,20180715,29.0,16.0,mm,0.0,
od00308,media_blank,20180716.0,B10,20180715,29.0,,mm,0.0,
od00309,Bacteroides merdae ATCC 43184,20180716.0,C01,20180715,29.0,,mm,0.01045044505806542,0.9834486662386542
od00310,Anaerotruncus colihominis DSMZ 17241,20180716.0,C02,20180715,29.0,,mm,0.048013824347066955,0.9934185121108231
od00311,Clostridium scindens ATCC 35704,20180716.0,C03,20180715,29.0,,mm,0.03395270873367817,0.9901766287644552
od00312,media_blank,20180716.0,C04,20180715,29.0,,mm,0.0,
od00313,Ruminococcus gnavus ATCC 29149,20180716.0,C05,20180715,29.0,16.0,mm,0.2073674786577273,0.9973860772425336
od00314,Subdoligranulum variabile DSMZ 15176,20180716.0,C06,20180715,29.0,,mm,0.03835339798728791,0.9965361105139825
od00315,Bifidobacterium gallicum DSMZ 20093,20180716.0,C07,20180715,29.0,,mm,0.09689476896245948,0.9723813613753499
od00316,Fusobacterium nucleatum CTI-2 BEI HM-993,20180716.0,C08,20180715,29.0,16.0,mm,0.09566144618692707,0.9973178081745862
od00317,Edwardsiella tarda ATCC 23685,20180716.0,C09,20180715,29.0,16.0,mm,0.0,
od00318,media_blank,20180716.0,C10,20180715,29.0,,mm,0.0,
od00319,Bacteroides sp. 3_1_19 BEI HM-19,20180716.0,D01,20180715,29.0,,mm,0.010381030578066278,0.9958480894398857
od00320,Anerociccus sp. CC31C BEI HM-1034,20180716.0,D02,20180715,29.0,,mm,0.012737897673392022,0.995843318797595
od00321,Clostridium sp. L2-50 BEI HM-634,20180716.0,D03,20180715,29.0,,mm,0.046448300953618196,0.9977390307345841
od00322,Roseburia intestinalis DSMZ 14610 M1,20180716.0,D04,20180715,29.0,,mm,0.0,
od00323,Ruminococcus lactaris ATCC 29176,20180716.0,D05,20180715,29.0,16.0,mm,0.28503601503045656,0.9977961174340949
od00324,Bifidobacterium adolescentis L2-32,20180716.0,D06,20180715,29.0,16.0,mm,0.20655067691295717,0.9820413575071855
od00325,Bifidobacterium infantis ATCC 15697,20180716.0,D07,20180715,29.0,16.0,mm,0.1876240116422381,0.9943302031007879
od00326,Fusobacterium ulcerans AC2_8_11_AN_D5_FAA_7 BEI HM-1194,20180716.0,D08,20180715,29.0,,mm,0.0,
od00327,Enterobacter cancerogenus ATCC 35316,20180716.0,D09,20180715,29.0,16.0,mm,0.12365254106539299,0.9229691419080504
od00328,media_blank,20180716.0,D10,20180715,29.0,,mm,0.0,
od00329,Parabacteroides distasonis 31_2 BEI HM-169,20180716.0,E01,20180715,29.0,16.0,mm,0.1638308365499638,0.9932069178684771
od00330,Catabacter hongkongensis AB8_9 BEI HM-1192,20180716.0,E02,20180715,29.0,,mm,0.11419823933689933,0.9983645811708498
od00331,Dorea formicigenerans ATCC 27755,20180716.0,E03,20180715,29.0,16.0,mm,0.07854367010412816,0.9965482285069367
od00332,Roseburia intestinalis DSMZ 14610 M2,20180716.0,E04,20180715,29.0,,mm,0.16179361037348491,0.9985019047179099
od00333,Ruminococcus obeum ATCC 29174,20180716.0,E05,20180715,29.0,16.0,mm,0.1550671871936127,0.9977124884994691
od00334,Bifidobacterium angulatum DSMZ 20098,20180716.0,E06,20180715,29.0,16.0,mm,0.21867315188271272,0.9948447611636946
od00335,Bifidobacterium longum reuter ATCC 55813,20180716.0,E07,20180715,29.0,16.0,mm,0.06374899640588835,0.9943606232771588
od00336,Fusobacterium nucleatum subsp. animalis D11 BEI HM-75,20180716.0,E08,20180715,29.0,16.0,mm,0.10322548267604086,0.971546035183458
od00337,Proteus penneri ATCC 35198,20180716.0,E09,20180715,29.0,16.0,mm,0.0,
od00338,media_blank,20180716.0,E10,20180715,29.0,16.0,mm,0.0,
od00339,Parabacteroides johnsonii CL02T12C29 BEI HM-731,20180716.0,F01,20180715,29.0,,mm,0.0,
od00340,Clostridium hathewayi WAL-18680 BEI HM-308,20180716.0,F02,20180715,29.0,16.0,mm,0.10447350483715773,0.9983738657725392
od00341,Eubacterium siraeum DSMZ 15702,20180716.0,F03,20180715,29.0,,mm,0.016149719401239198,0.9963374386788486
od00342,Roseburia inulinivorans DSMZ 16841,20180716.0,F04,20180715,29.0,16.0,mm,0.18189619793771175,0.9953289760308345
od00343,Solobacterium moorei DSMZ 22971,20180716.0,F05,20180715,29.0,27.0,mm,0.08659282434119078,0.9988656550170943
od00344,Bifidobacterium bifidum DSMZ 20456,20180716.0,F06,20180715,29.0,27.0,mm,0.10630180440738671,0.9988472190507338
od00345,Bifidobacterium longum NCC 2705,20180716.0,F07,20180715,29.0,16.0,mm,0.11442367275849638,0.9849094164139777
od00346,Fusobacterium ulcerans 12-1B BEI HM-57,20180716.0,F08,20180715,29.0,16.0,mm,0.1440914306585261,0.9915813200921061
od00347,Providencia rustigianii DSM 4541,20180716.0,F09,20180715,29.0,,mm,0.02081761064534668,0.9693444222698336
od00348,media_blank,20180716.0,F10,20180715,29.0,,mm,0.0,
od00349,Parabacteroides johnsonii DSMZ 18315,20180716.0,G01,20180715,29.0,,mm,0.011854175774547433,0.9882470626041828
od00350,Clostridium hylemonae DSMZ 15053,20180716.0,G02,20180715,29.0,27.0,mm,0.020001498773423748,0.9983260186045547
od00351,Holdemania filiformis DSMZ 12042,20180716.0,G03,20180715,29.0,27.0,mm,0.07922970063987089,0.9986257864058561
od00352,Ruminococcus lactaris CC59_002D BEI HM-1057,20180716.0,G04,20180715,29.0,16.0,mm,0.0,
od00353,Solobacterium sp. CC57E BEI HM-1059,20180716.0,G05,20180715,29.0,,mm,0.09362879864502957,0.9993998054637825
od00354,Bifidobacterium breve UCC2003,20180716.0,G06,20180715,29.0,,mm,0.14243815948320743,0.9991842111981605
od00355,Bifidobacterium pseudocatenulatum DSMZ 20438,20180716.0,G07,20180715,29.0,16.0,mm,0.09534589002287001,0.9988901320165273
od00356,biophila wadsworthia,20180716.0,G08,20180715,29.0,16.0,mm,0.19299232917970882,0.9918950670134395
od00357,Providencia stuartii ATCC 25827,20180716.0,G09,20180715,29.0,16.0,mm,0.07098738506105286,0.9964970345518919
od00358,media_blank,20180716.0,G10,20180715,29.0,,mm,0.0,
od00359,Parabacteroides sp. D13 BEI HM-77,20180716.0,H01,20180715,29.0,,mm,0.0107965815311197,0.9931489466208542
od00360,Clostridium innocuum 6_1_30 BEI HM-173,20180716.0,H02,20180715,29.0,,mm,0.0,
od00361,Lachnospiraceae sp. 5_1_57FAA BEI HM-157a,20180716.0,H03,20180715,29.0,,mm,0.07520827925427971,0.9990082143665577
od00362,Ruminococcaceae sp. D16 BEI HM-79,20180716.0,H04,20180715,29.0,,mm,0.05273574846918734,0.9992947516805728
od00363,Streptococcus thermophilus LMD-9 ATCC 19258,20180716.0,H05,20180715,29.0,,mm,0.040403758320301186,0.9921404722709795
od00364,Bifidobacterium breve DSMZ 20213,20180716.0,H06,20180715,29.0,,mm,0.07144062734372911,0.9983773483644313
od00365,Collinsella aerofaciens ATCC 25986,20180716.0,H07,20180715,29.0,16.0,mm,0.18958256425854805,0.9858816165792392
od00366,Citrobacter portucalensis 4_7_47CFAA BEI HM-299,20180716.0,H08,20180715,29.0,16.0,mm,0.0,
od00367,media_blank,20180716.0,H09,20180715,29.0,,mm,0.0,
od00368,media_blank,20180716.0,H10,20180715,29.0,,mm,0.0,
od00369,Streptococcus parasanguinis CC87K BEI HM-1060,20180720.0,A07,20180720,33.75,12.0,mm,0.12594550713131555,0.9929727760824137
od00370,Streptococcus parasanguinis CC87K BEI HM-1060,20180720.0,A08,20180720,33.75,12.0,mm,0.21113534458714733,0.9947102875838405
od00371,Streptococcus parasanguinis CC87K BEI HM-1060,20180720.0,A09,20180720,33.75,12.0,mm,0.0,
od00372,Parabacteroides sp. D13 BEI HM-77,20180720.0,D01,20180720,33.75,31.25,mm,0.00792392977825197,0.9914884628243187
od00373,Parabacteroides sp. D13 BEI HM-77,20180720.0,D02,20180720,33.75,31.25,mm,0.008285630438035565,0.9938293169999242
od00374,Parabacteroides sp. D13 BEI HM-77,20180720.0,D03,20180720,33.75,31.25,mm,0.008495970246539884,0.9934040178223315
od00375,Bacteroides dorei DSMZ 17855,20180720.0,A01,20180720,33.75,31.25,mm,0.007521388487918846,0.9882914406276943
od00376,Bacteroides dorei DSMZ 17855,20180720.0,A02,20180720,33.75,31.25,mm,0.006673381358103499,0.9909021212447043
od00377,Bacteroides dorei DSMZ 17855,20180720.0,A03,20180720,33.75,31.25,mm,0.007425458298159181,0.9854706067050617
od00378,media_blank,20180720.0,A10,20180720,33.75,31.25,mm,0.0,
od00379,media_blank,20180720.0,A11,20180720,33.75,31.25,mm,0.0,
od00380,media_blank,20180720.0,A12,20180720,33.75,31.25,mm,0.0,
od00381,Veillonella sp. 6_1_27 BEI HM-49,20180720.0,D07,20180720,33.75,12.0,mm,0.15701930371484746,0.9712941436369393
od00382,Veillonella sp. 6_1_27 BEI HM-49,20180720.0,D08,20180720,33.75,12.0,mm,0.18390096385701,0.9366950793483608
od00383,Veillonella sp. 6_1_27 BEI HM-49,20180720.0,D09,20180720,33.75,12.0,mm,0.16273774684386214,0.903504115590682
od00384,Anaerofustis stercorihominis DSMZ 17244,20180720.0,E01,20180720,33.75,31.25,mm,0.032414150190237336,0.9926418885508133
od00385,Anaerofustis stercorihominis DSMZ 17244,20180720.0,E02,20180720,33.75,31.25,mm,0.04555740409790782,0.9894900965999301
od00386,Anaerofustis stercorihominis DSMZ 17244,20180720.0,E03,20180720,33.75,31.25,mm,0.05701431999325497,0.9897480856890973
od00387,Bacteroides finegoldii DSMZ 17565,20180720.0,B01,20180720,33.75,31.25,mm,0.0,
od00388,Bacteroides finegoldii DSMZ 17565,20180720.0,B02,20180720,33.75,31.25,mm,0.017031196134777524,0.9785964036161441
od00389,Bacteroides finegoldii DSMZ 17565,20180720.0,B03,20180720,33.75,31.25,mm,0.0,
od00390,media_blank,20180720.0,B10,20180720,33.75,31.25,rcmwoa,0.0,
od00391,media_blank,20180720.0,B11,20180720,33.75,31.25,rcmwoa,0.0,
od00392,media_blank,20180720.0,B12,20180720,33.75,31.25,rcmwoa,0.0,
od00393,Veillonella sp. HPA0037 BEI HM-850,20180720.0,E07,20180720,33.75,12.0,rcml,0.015259399558415225,0.9318578328081145
od00394,Veillonella sp. HPA0037 BEI HM-850,20180720.0,E08,20180720,33.75,12.0,rcml,0.016281553101906016,0.947472885360295
od00395,Veillonella sp. HPA0037 BEI HM-850,20180720.0,E09,20180720,33.75,12.0,rcml,0.023205286607245888,0.9809686006653396
od00396,Catenibacterium mitsuokai DSMZ 15897,20180720.0,G01,20180720,33.75,31.25,mm,0.02058091077635554,0.908432947928802
od00397,Catenibacterium mitsuokai DSMZ 15897,20180720.0,G02,20180720,33.75,31.25,mm,0.07397944006689372,0.9645028059673704
od00398,Catenibacterium mitsuokai DSMZ 15897,20180720.0,G03,20180720,33.75,31.25,mm,0.11357934413974319,0.9146662391521687
od00399,Bacteroides sp. 3_1_19 BEI HM-19,20180720.0,C01,20180720,33.75,31.25,mm,0.008998466272941982,0.9916437459934704
od00400,Bacteroides sp. 3_1_19 BEI HM-19,20180720.0,C02,20180720,33.75,31.25,mm,0.008182833505511786,0.992947329774347
od00401,Bacteroides sp. 3_1_19 BEI HM-19,20180720.0,C03,20180720,33.75,31.25,mm,0.00811621575109086,0.9940186281463512
od00402,media_blank,20180720.0,C10,20180720,33.75,31.25,rcml,0.0,
od00403,media_blank,20180720.0,C11,20180720,33.75,31.25,rcml,0.0,
od00404,media_blank,20180720.0,C12,20180720,33.75,31.25,rcml,0.0,
od00405,Faecalibacterium prausnitzii A2-165 DSMZ 17677,20180720.0,B04,20180720,33.75,16.0,mm,0.07830664441761141,0.9941774701144542
od00406,Faecalibacterium prausnitzii A2-165 DSMZ 17677,20180720.0,B05,20180720,33.75,16.0,mm,0.051257397763790825,0.9940613626175595
od00407,Faecalibacterium prausnitzii A2-165 DSMZ 17677,20180720.0,B06,20180720,33.75,16.0,mm,0.08691351977102245,0.9933700801607318
od00408,Clostridium scindens ATCC 35704,20180720.0,H01,20180720,33.75,31.25,mm,0.04241621257469737,0.9896011589948084
od00409,Clostridium scindens ATCC 35704,20180720.0,H02,20180720,33.75,31.25,mm,0.04208376686906841,0.9887704763070995
od00410,Clostridium scindens ATCC 35704,20180720.0,H03,20180720,33.75,31.25,mm,0.033137814842225014,0.9860907515461148
od00411,Veillonella sp. 6_1_27 BEI HM-49,20180720.0,H07,20180720,33.75,16.0,rcml,0.07737031595903546,0.9976940749258686
od00412,Veillonella sp. 6_1_27 BEI HM-49,20180720.0,H08,20180720,33.75,16.0,rcml,0.08031428514683087,0.998071948988484
od00413,Veillonella sp. 6_1_27 BEI HM-49,20180720.0,H09,20180720,33.75,16.0,rcml,0.07480944453956248,0.9984340725732317
od00414,Eubacterium siraeum DSMZ 15702,20180720.0,A04,20180720,33.75,31.25,mm,0.014367042732292272,0.9996413242390058
od00415,Eubacterium siraeum DSMZ 15702,20180720.0,A05,20180720,33.75,31.25,mm,0.013743994668406182,0.9963562002190586
od00416,Eubacterium siraeum DSMZ 15702,20180720.0,A06,20180720,33.75,31.25,mm,0.014308987917857076,0.9991977349002875
od00417,Lachnospiraceae sp. 5_1_57FAA BEI HM-157a,20180720.0,D04,20180720,33.75,18.0,mm,0.09525107430030284,0.9991838351526842
od00418,Lachnospiraceae sp. 5_1_57FAA BEI HM-157a,20180720.0,D05,20180720,33.75,18.0,mm,0.10856505878865834,0.9991345036510574
od00419,Lachnospiraceae sp. 5_1_57FAA BEI HM-157a,20180720.0,D06,20180720,33.75,18.0,mm,0.1195607259650454,0.9991053628932377
od00420,Faecalibacterium prausnitzii KLE1255 BEI HM-473,20180720.0,C04,20180720,33.75,31.25,mm,0.047644326304384046,0.9965839313519856
od00421,Faecalibacterium prausnitzii KLE1255 BEI HM-473,20180720.0,C05,20180720,33.75,31.25,mm,0.0506181656352848,0.9953887895737028
od00422,Faecalibacterium prausnitzii KLE1255 BEI HM-473,20180720.0,C06,20180720,33.75,31.25,mm,0.04473296220891678,0.9864394542460208
od00423,Veillonella sp. 3_1_44 BEI HM-64,20180720.0,C07,20180720,33.75,18.0,mm,0.013416486038737718,0.9959350720618867
od00424,Veillonella sp. 3_1_44 BEI HM-64,20180720.0,C08,20180720,33.75,18.0,mm,0.012698842749435705,0.996427169238247
od00425,Veillonella sp. 3_1_44 BEI HM-64,20180720.0,C09,20180720,33.75,18.0,mm,0.013345358070416329,0.9962387632517623
od00426,Solobacterium moorei CC57E BEI HM-1059,20180720.0,E04,20180720,33.75,31.25,mm,0.020597271729430114,0.9947952126779227
od00427,Solobacterium moorei CC57E BEI HM-1059,20180720.0,E05,20180720,33.75,31.25,mm,0.11492733759346105,0.9988429911477243
od00428,Solobacterium moorei CC57E BEI HM-1059,20180720.0,E06,20180720,33.75,31.25,mm,0.11109779179074933,0.9982144293621192
od00429,Veillonella sp. 3_1_44 BEI HM-64,20180720.0,G07,20180720,33.75,18.0,rcml,0.04374727820011738,0.9987727117836179
od00430,Veillonella sp. 3_1_44 BEI HM-64,20180720.0,G08,20180720,33.75,18.0,rcml,0.04635557359056468,0.9986808276629828
od00431,Veillonella sp. 3_1_44 BEI HM-64,20180720.0,G09,20180720,33.75,18.0,rcml,0.057226730641804106,0.9988085998873913
od00432,Streptococcus thermophilus LMD-9 ATCC 19258,20180720.0,F04,20180720,33.75,31.25,mm,0.07912136901674192,0.9990931188430877
od00433,Streptococcus thermophilus LMD-9 ATCC 19258,20180720.0,F05,20180720,33.75,31.25,mm,0.1282919990164293,0.9983522184735727
od00434,Streptococcus thermophilus LMD-9 ATCC 19258,20180720.0,F06,20180720,33.75,31.25,mm,0.09322067681786576,0.9984314544004396
od00435,Anaerotruncus colihominis DSMZ 17241,20180728.0,A01,20180726,40.0,46.5,mm,0.027697543877709483,0.9972344630745256
od00436,Anaerococcus lactolyticus CC31C BEI HM-1034,20180728.0,B01,20180726,40.0,46.5,mm,0.17007719062294427,0.998062284382252
od00437,Bacteroides acidifaciens DSMZ 15896,20180728.0,C01,20180726,40.0,,mm,0.03139285595649896,0.9928391384194605
od00438,Parabacteroides merdae ATCC 43184,20180728.0,D01,20180726,40.0,46.5,mm,0.0,
od00439,Bifidobacterium breve DSMZ 20213,20180728.0,E01,20180726,40.0,21.0,mm,0.0,
od00440,Bifidobacterium breve UCC2003,20180728.0,F01,20180726,40.0,21.0,mm,0.0,
od00441,Bifidobacterium catenulatum DSMZ 16992,20180728.0,G01,20180726,40.0,21.0,mm,0.0,
od00442,Bifidobacterium dentium ATCC 27678,20180728.0,H01,20180726,40.0,21.0,mm,0.27278166761221967,0.9978760179936036
od00443,Bifidobacterium gallicum DSMZ 20093,20180728.0,A02,20180726,40.0,21.0,mm,0.0,
od00444,Blautia hydrogenotrophica DSMZ 10507,20180728.0,B02,20180726,40.0,,mm,0.0,
od00445,Clostridium nexile DSMZ 1787,20180728.0,C02,20180726,40.0,,mm,0.0,
od00446,Clostridium perfringens,20180728.0,D02,20180726,40.0,,mm,0.02854351614527821,0.9882916116683864
od00447,Clostridium sp. 7_2_43FAA BEI HM-36,20180728.0,E02,20180726,40.0,,mm,0.014190935400039168,0.9983909436032328
od00448,Clostridium sp. CC43_001K BEI HM-1044,20180728.0,F02,20180726,40.0,46.5,mm,0.0,
od00449,Clostridium sp. HGF2 BEI HM-287,20180728.0,G02,20180726,40.0,,mm,0.0,
od00450,Clostridium sp. KLE 1755 BEI HM-1033,20180728.0,H02,20180726,40.0,21.0,mm,0.0,
od00451,Clostridium sp. L2-50 BEI HM-634,20180728.0,A03,20180726,40.0,46.5,mm,0.16008895725677846,0.9972358771833828
od00452,Clostridium sp. M62/1 BEI HM-635,20180728.0,B03,20180726,40.0,,mm,0.0,
od00453,Clostridium spiroforme DSMZ 1552,20180728.0,C03,20180726,40.0,,mm,0.0,
od00454,Coprobacillus sp. D6 (29_1) BEI HM-85,20180728.0,D03,20180726,40.0,,mm,0.036844683908405604,0.9988801576915477
od00455,Coprococcus eutactus ATCC 27759,20180728.0,E03,20180726,40.0,,mm,0.004127119173737287,0.9557777219992033
od00456,Eubacterium hallii DSMZ 3353,20180728.0,F03,20180726,40.0,,mm,0.06445855343993806,0.9990060964481995
od00457,Eubacterium sp. 3_1_31 BEI HM-178,20180728.0,G03,20180726,40.0,,mm,0.07605366232736259,0.9982982850028341
od00458,Fusobacterium ulcerans AC2_8_11_AN_D5_FAA_7 BEI HM-1194,20180728.0,H03,20180726,40.0,,mm,0.08861899662723267,0.9968736571561783
od00459,Granulicatella sp. CC94D BEI HM-1047,20180728.0,A04,20180726,40.0,,mm,0.009599259045787484,0.9949703423610384
od00460,Lachnospiraceae sp. 6_1_63FAA BEI HM-150,20180728.0,B04,20180726,40.0,,mm,0.0017936191385211446,0.9368188138561859
od00461,Lachnospiraceae sp. 7_1_58FAA BEI HM-153,20180728.0,C04,20180726,40.0,46.5,mm,0.0,
od00462,Marvinbryantia formatexigens DSMZ 14469,20180728.0,D04,20180726,40.0,31.0,mm,0.02114604255335815,0.9986398669957689
od00463,Megasphaera sp. DSMZ 102144,20180728.0,E04,20180726,40.0,,mm,0.1586851919157507,0.9960734729020875
od00464,Oscillibacter sp. KLE 1728 BEI HM-1030,20180728.0,F04,20180726,40.0,,mm,0.11614504549853079,0.9987303051145064
od00465,Oscillibacter sp. KLE 1745 BEI HM-1031,20180728.0,G04,20180726,40.0,,mm,0.09357148353280893,0.9977842023271344
od00466,Paenibacillus sp. CC33_002B BEI HM-1049,20180728.0,H04,20180726,40.0,,mm,0.17191405630346696,0.9978459219734228
od00467,Clostridioides difficile 630 BAA-1382,20180728.0,A05,20180726,40.0,,rcmwoa,0.1253875318910315,0.9078210571412102
od00468,Clostridioides difficile BI9,20180728.0,B05,20180726,40.0,21.0,rcmwoa,0.06315331931679707,0.9992502615234622
od00469,Clostridioides difficile CD196,20180728.0,C05,20180726,40.0,21.0,rcmwoa,0.0,
od00470,Clostridioides difficile M68 Lawley,20180728.0,D05,20180726,40.0,,rcmwoa,0.15122012848580377,0.9964333608692776
od00471,Clostridioides difficile ATCC BAA-1810,20180728.0,E05,20180726,40.0,21.0,rcmwoa,0.007929104858323528,0.9851616326080805
od00472,Clostridioides difficile ATCC BAA-1801,20180728.0,F05,20180726,40.0,21.0,rcmwoa,0.0,
od00473,Propionibacterium sp. 5_U_42FAA BEI HM-184,20180728.0,G05,20180726,40.0,,mm,0.0,
od00474,Providencia rustigianii DSM 4541,20180728.0,H05,20180726,40.0,31.0,mm,0.07887127085454188,0.9982884782337084
od00475,Clostridioides difficile 630 BAA-1382,20180728.0,A06,20180726,40.0,,bhis,0.002069101655358853,0.9879153305464303
od00476,Clostridioides difficile BI-9 Lawley,20180728.0,B06,20180726,40.0,,bhis,0.19934345872419798,0.9832119617307432
od00477,Clostridioides difficile CD196,20180728.0,C06,20180726,40.0,21.0,bhis,0.0,
od00478,Clostridioides difficile M68,20180728.0,D06,20180726,40.0,21.0,bhis,0.24930532044826645,0.9912956081123342
od00479,Clostridioides difficile ATCC BAA-1810,20180728.0,E06,20180726,40.0,21.0,bhis,0.021263592643110927,0.9921704541453252
od00480,Clostridioides difficile ATCC BAA-1801,20180728.0,F06,20180726,40.0,21.0,bhis,0.16597044879359252,0.9846301057127893
od00481,Ruminococcus bromii ATCC 27255,20180728.0,G06,20180726,40.0,31.0,mm,0.0,
od00482,Ruminococcus torques ATCC 27756,20180728.0,H06,20180726,40.0,21.0,mm,0.18626695974031204,0.9995241103178019
od00483,Clostridioides difficile 630 BAA-1382,20180728.0,A07,20180726,40.0,,mm,0.06747459870630135,0.9972540585269479
od00484,Clostridioides difficile BI-9 Lawley,20180728.0,B07,20180726,40.0,,mm,0.0,
od00485,Clostridioides difficile CD196,20180728.0,C07,20180726,40.0,21.0,mm,0.0,
od00486,Clostridioides difficile M68 Lawley,20180728.0,D07,20180726,40.0,,mm,0.0,
od00487,Clostridioides difficile ATCC BAA-1810,20180728.0,E07,20180726,40.0,21.0,mm,0.09678153982526928,0.9965006604189238
od00488,C. difficile 1801,20180728.0,F07,20180726,40.0,,mm,0.10539414272759387,0.9946874066238484
od00489,Subdoligranulum variabile DSMZ 15176,20180728.0,G07,20180726,40.0,46.5,mm,0.15218016182708888,0.9982502728961404
od00490,media_blank,20180728.0,H07,20180726,40.0,21.0,tsab,0.0,
od00491,Clostridium innocuum 6_1_30 BEI HM-173,20180728.0,A08,20180726,40.0,21.0,rcmwoa,0.14889989200685527,0.9991242847583058
od00492,Clostridium scindens ATCC 35704,20180728.0,B08,20180726,40.0,46.5,rcmwoa,0.38808592179149354,0.9961228594913639
od00493,Ruminococcaceae sp. D16 BEI HM-79,20180728.0,C08,20180726,40.0,21.0,rcmwoa,0.0,
od00494,Blautia hansenii DSMZ 20583,20180728.0,D08,20180726,40.0,21.0,ycfag,0.032807990408099265,0.9881516224375476
od00495,media_blank,20180728.0,E08,20180726,40.0,46.5,ycfag,0.11014114892757662,0.9977102109479633
od00496,media_blank,20180728.0,F08,20180726,40.0,46.5,rcmwoa,0.011194728684146955,0.9976257804506801
od00497,media_blank,20180728.0,G08,20180726,40.0,46.5,mm,0.031989238615137215,0.9546771168245681
od00498,media_blank,20180728.0,H08,20180726,40.0,46.5,bhis,0.007610681464003166,0.9911776062189026
od00499,Veillonella dispar ATCC 17748,20180728.0,A09,20180726,40.0,,mm,0.1612090210170004,0.9935177354470442
od00500,Veillonella sp. 3_1_44 BEI HM-64,20180728.0,B09,20180726,40.0,46.5,mm,0.10448323653856756,0.9986927380225674
od00501,Veillonella sp. 6_1_27 BEI HM-49,20180728.0,C09,20180726,40.0,21.0,mm,0.0,
od00502,Veillonella sp. HPA0037 BEI HM-850,20180728.0,D09,20180726,40.0,46.5,mm,0.0,
od00503,Akkermansia muciniphila ATCC BAA-835,20180728.0,E09,20180726,40.0,21.0,pyg_muc,0.11247338297581393,0.9995430023228344
od00504,Capnocytophaga sp. CC21_001D BEI HM-1037,20180728.0,F09,20180726,40.0,31.0,ycfag,0.3243679549170544,0.9914294475373056
od00505,Collinsella stercoris DSMZ 13279,20180728.0,G09,20180726,40.0,21.0,pyg,0.4041373146224275,0.9964501317808717
od00506,media_blank,20180728.0,H09,20180726,40.0,46.5,pyg,0.1884353988779234,0.9987494413633344
od00507,Veillonella dispar ATCC 17748,20180728.0,A10,20180726,40.0,,rcml,0.016051055842173666,0.9339700220932319
od00508,Veillonella sp. 3_1_44 BEI HM-64,20180728.0,B10,20180726,40.0,21.0,rcml,0.0,
od00509,Veillonella sp. 6_1_27 BEI HM-49,20180728.0,C10,20180726,40.0,21.0,rcml,0.0,
od00510,Veillonella sp. HPA0037 BEI HM-850,20180728.0,D10,20180726,40.0,21.0,rcml,0.007891968817452605,0.9970243933126348
od00511,Coprobacillus sp. 8_2_54BFAA BEI HM-176,20180728.0,E10,20180726,40.0,21.0,tsab,0.0,
od00512,Erysipelotrichaceae sp. 6_1_45 BEI HM-180,20180728.0,F10,20180726,40.0,21.0,tsab,0.1009861350439035,0.9991584827531828
od00513,Coprobacillus sp. D6 (29_1) BEI HM-85,20180728.0,G10,20180726,40.0,21.0,tsab,0.09545920990856324,0.9978420763134909
od00514,media_blank,20180728.0,H10,20180726,40.0,46.5,pyg_muc,0.0,
od00515,Prevotella buccae D17,20180728.0,A11,20180726,40.0,,mm,0.08986295324960825,0.9834575700156483
od00516,Prevotella buccalis ATCC 35310,20180728.0,B11,20180726,40.0,,mm,0.45163782809588726,0.9809533222483665
od00517,Prevotella oralis HGA0225 BEI HM-849,20180728.0,C11,20180726,40.0,,mm,0.4527356508770932,0.9920645674837691
od00518,Prevotella sp. CC98A BEI HM-1054,20180728.0,D11,20180726,40.0,,mm,0.013894231071984063,0.9976371830144021
od00519,Roseburia intestinalis DSMZ 14610 M1,20180728.0,E11,20180726,40.0,,mm,0.04886941934883494,0.9916857947768477
od00520,Parabacteroides johnsonii CL02T12C29 BEI HM-731,20180728.0,F11,20180726,40.0,21.0,tsab,0.1005643152834507,0.9990480318385833
od00521,Parabacteroides merdae CL09T00C40 BEI HM-729,20180728.0,G11,20180726,40.0,21.0,tsab,0.10943718595169202,0.9951936561691084
od00522,media_blank,20180728.0,H11,20180726,40.0,46.5,rcml,0.0,
od00523,Prevotella buccae D17,20180728.0,A12,20180726,40.0,,pyg,0.021639014403886388,0.9455560669074349
od00524,Prevotella buccalis ATCC 35310,20180728.0,B12,20180726,40.0,46.5,pyg,0.1027278367839696,0.9934874023754322
od00525,Prevotella oralis HGA0225 BEI HM-849,20180728.0,C12,20180726,40.0,31.0,pyg,0.0,
od00526,Prevotella oralis CC98A BEI HM-1054,20180728.0,D12,20180726,40.0,46.5,pyg,0.0,
od00527,Roseburia intestinalis DSMZ 14610 M1,20180728.0,E12,20180726,40.0,,pyg,0.0,
od00528,Roseburia intestinalis DSMZ 14610 M2,20180728.0,F12,20180726,40.0,,pyg,0.03594314106071576,0.9887402218228396
od00529,Parabacteroides johnsonii CL02T12C29 BEI HM-731,20180728.0,G12,20180726,40.0,46.5,mm,0.0,
od00530,Parabacteroides merdae CL09T00C40 BEI HM-729,20180728.0,H12,20180726,40.0,46.5,mm,0.006364488270408521,0.9652981418103082
od00531,media_blank,20181030.0,F10,20181030,30.0,16.0,pyg,0.0,
od00532,media_blank,20181030.0,F11,20181030,30.0,16.0,pyg,0.0,
od00533,media_blank,20181030.0,F12,20181030,30.0,16.0,pyg,0.0,
od00534,media_blank,20181030.0,G10,20181030,30.0,16.0,mm,0.0,
od00535,media_blank,20181030.0,G11,20181030,30.0,16.0,mm,0.0,
od00536,media_blank,20181030.0,G12,20181030,30.0,16.0,mm,0.0,
od00537,Coprococcus sp. HPP0048 BEI HM-794,20181030.0,A01,20181030,30.0,12.0,mm,0.05081013187047865,0.9873925594718627
od00538,Coprococcus sp. HPP0048 BEI HM-794,20181030.0,A02,20181030,30.0,12.0,mm,0.11257144432651751,0.9991297462651312
od00539,Coprococcus sp. HPP0048 BEI HM-794,20181030.0,A03,20181030,30.0,12.0,mm,0.07806764110316962,0.9961300150770461
od00540,Catenibacterium mitsuokai DSMZ 15897,20181030.0,A04,20181030,30.0,12.0,mm,0.13578516223381215,0.9689339446456763
od00541,Catenibacterium mitsuokai DSMZ 15897,20181030.0,A05,20181030,30.0,12.0,mm,0.12433601706397727,0.985536392130068
od00542,Catenibacterium mitsuokai DSMZ 15897,20181030.0,A06,20181030,30.0,12.0,mm,0.1921141267057294,0.9923424530220535
od00543,Blautia hansenii DSMZ 20583,20181030.0,A07,20181030,30.0,12.0,mm,0.04855336690471521,0.9975636779610314
od00544,Blautia hansenii DSMZ 20583,20181030.0,A08,20181030,30.0,12.0,mm,0.2583390318391633,0.9990821191341978
od00545,Blautia hansenii DSMZ 20583,20181030.0,A09,20181030,30.0,12.0,mm,0.2804715588293968,0.9993698739145873
od00546,Bacteroides thetaiotaomicron wh302,20181030.0,B04,20181030,30.0,12.0,mm,0.25465405890763554,0.9996799788577185
od00547,Bacteroides thetaiotaomicron wh302,20181030.0,B05,20181030,30.0,12.0,mm,0.24993781509746185,0.9997856246631731
od00548,Bacteroides thetaiotaomicron wh302,20181030.0,B06,20181030,30.0,12.0,mm,0.259346416850562,0.9995484016989812
od00549,Clostridium cadaveris CC88A BEI HM-1041,20181030.0,C01,20181030,30.0,12.0,mm,0.214105885522848,0.9976091046392924
od00550,Clostridium cadaveris CC88A BEI HM-1041,20181030.0,C02,20181030,30.0,12.0,mm,0.22554357195208882,0.9972328902464794
od00551,Clostridium cadaveris CC88A BEI HM-1041,20181030.0,C03,20181030,30.0,12.0,mm,0.24205484295490387,0.9965398704832524
od00552,Bacteroides thetaiotaomicron VPI 5482,20181030.0,C07,20181030,30.0,12.0,mm,0.25367087748161987,0.9996020268996436
od00553,Bacteroides thetaiotaomicron VPI 5482,20181030.0,C08,20181030,30.0,12.0,mm,0.3064607831052629,0.9991485084219646
od00554,Bacteroides thetaiotaomicron VPI 5482,20181030.0,C09,20181030,30.0,12.0,mm,0.3052658812903768,0.9992155421425762
od00555,Bacteroides dorei DSMZ 17855,20181030.0,C10,20181030,30.0,12.0,mm,0.21838691661517187,0.9995705305407199
od00556,Bacteroides dorei DSMZ 17855,20181030.0,C11,20181030,30.0,12.0,mm,0.2429414176411072,0.9986956268426258
od00557,Bacteroides dorei DSMZ 17855,20181030.0,C12,20181030,30.0,12.0,mm,0.1920692247667336,0.9998271398289046
od00558,Dorea longicatena DSMZ 13814,20181030.0,D01,20181030,30.0,12.0,mm,0.23256297403023493,0.9988482697276648
od00559,Dorea longicatena DSMZ 13814,20181030.0,D02,20181030,30.0,12.0,mm,0.24102634953475294,0.9987429382474674
od00560,Dorea longicatena DSMZ 13814,20181030.0,D03,20181030,30.0,12.0,mm,0.2304177614750724,0.9987414190644399
od00561,Clostridium methylpentosum DSMZ 5476,20181030.0,D04,20181030,30.0,12.0,mm,0.12911479848211535,0.998972105639281
od00562,Clostridium methylpentosum DSMZ 5476,20181030.0,D05,20181030,30.0,12.0,mm,0.1373987924603078,0.9987081901366001
od00563,Clostridium methylpentosum DSMZ 5476,20181030.0,D06,20181030,30.0,12.0,mm,0.1930696370112491,0.9989572247387498
od00564,Bacteroides pectinophilus ATCC 43243,20181030.0,E01,20181030,30.0,12.0,mm,0.058017210523794965,0.995243058604397
od00565,Bacteroides pectinophilus ATCC 43243,20181030.0,E02,20181030,30.0,12.0,mm,0.07663069928966879,0.9984172759905061
od00566,Bacteroides pectinophilus ATCC 43243,20181030.0,E03,20181030,30.0,12.0,mm,0.05917708969544481,0.9982655814600593
od00567,Dialister invisus DSMZ 15470,20181030.0,E04,20181030,30.0,12.0,mm,0.2604608106809429,0.9996797027434612
od00568,Dialister invisus DSMZ 15470,20181030.0,E05,20181030,30.0,12.0,mm,0.26779522781519505,0.9991854970291435
od00569,Dialister invisus DSMZ 15470,20181030.0,E06,20181030,30.0,12.0,mm,0.28372197731609244,0.9991918956565279
od00570,Bacteroides thetaiotaomicron wh305,20181030.0,E07,20181030,30.0,12.0,mm,0.27765260705721706,0.9998202627706737
od00571,Bacteroides thetaiotaomicron wh305,20181030.0,E08,20181030,30.0,12.0,mm,0.29203053951549973,0.9998251910248692
od00572,Bacteroides thetaiotaomicron wh305,20181030.0,E09,20181030,30.0,12.0,mm,0.3034024208992161,0.9995001547302839
od00573,Bacteroides finegoldii CL09T03C10 BEI HM-727,20181030.0,E10,20181030,30.0,12.0,mm,0.2787958980410656,0.9996845378395453
od00574,Bacteroides finegoldii CL09T03C10 BEI HM-727,20181030.0,E11,20181030,30.0,12.0,mm,0.2832243077717523,0.9996119177558369
od00575,Bacteroides finegoldii CL09T03C10 BEI HM-727,20181030.0,E12,20181030,30.0,12.0,mm,0.27209330608924753,0.9996507873911492
od00576,Lachnospiraceae bacterium 6_1_37FAA BEI HM-182,20181030.0,F01,20181030,30.0,12.0,mm,0.1933137915120682,0.9989620388906979
od00577,Lachnospiraceae bacterium 6_1_37FAA BEI HM-182,20181030.0,F02,20181030,30.0,12.0,mm,0.2343883280163733,0.9989605397306545
od00578,Lachnospiraceae bacterium 6_1_37FAA BEI HM-182,20181030.0,F03,20181030,30.0,12.0,mm,0.2417045416818964,0.9991553655075375
od00579,Bacteroides cellulosilyticus DSMZ 14838,20181030.0,F04,20181030,30.0,12.0,mm,0.25174578646076823,0.9997851543620204
od00580,Bacteroides cellulosilyticus DSMZ 14838,20181030.0,F05,20181030,30.0,12.0,mm,0.27525796775922146,0.9992327263510468
od00581,Bacteroides cellulosilyticus DSMZ 14838,20181030.0,F06,20181030,30.0,12.0,mm,0.28408615269681853,0.9991840532321132
od00582,Prevotella copri DSMZ 18205,20181030.0,F07,20181030,30.0,12.0,pyg,0.36606216086672644,0.9965955929111256
od00583,Prevotella copri DSMZ 18205,20181030.0,F08,20181030,30.0,12.0,pyg,0.33735917097253604,0.9994798369185958
od00584,Prevotella copri DSMZ 18205,20181030.0,F09,20181030,30.0,12.0,pyg,0.36610299465166685,0.9991918472335212
od00585,Lachnospiraceae sp. 1_4_56FAA BEI HM-161,20181030.0,G01,20181030,30.0,12.0,mm,0.11335482207135708,0.988906362309265
od00586,Lachnospiraceae sp. 1_4_56FAA BEI HM-161,20181030.0,G02,20181030,30.0,12.0,mm,0.09573154745516484,0.9913089525985243
od00587,Lachnospiraceae sp. 1_4_56FAA BEI HM-161,20181030.0,G03,20181030,30.0,12.0,mm,0.0989640876765584,0.9889213630922381
od00588,Bacteroides uniformis ATCC 8492,20181030.0,G04,20181030,30.0,12.0,mm,0.27900215868580913,0.9998068310661448
od00589,Bacteroides uniformis ATCC 8492,20181030.0,G05,20181030,30.0,12.0,mm,0.286067763497612,0.9997890260949416
od00590,Bacteroides uniformis ATCC 8492,20181030.0,G06,20181030,30.0,12.0,mm,0.2964664109018543,0.9997661105358117
od00591,Edwardsiella tarda ATCC 23685,20181030.0,H07,20181030,30.0,12.0,pyg,0.2066063151027496,0.998267767635044
od00592,Edwardsiella tarda ATCC 23685,20181030.0,H08,20181030,30.0,12.0,pyg,0.2272979985591311,0.9977665329241188
od00593,Edwardsiella tarda ATCC 23685,20181030.0,H09,20181030,30.0,12.0,pyg,0.21830209526139174,0.9978690610090692
od00594,Clostridium aldenense WAL-18727 BEI HM-307,20181030.0,B01,20181030,30.0,16.0,mm,0.10734238634899361,0.9981991528508297
od00595,Clostridium aldenense WAL-18727 BEI HM-307,20181030.0,B02,20181030,30.0,16.0,mm,0.12838591504666927,0.9970082805589003
od00596,Clostridium aldenense WAL-18727 BEI HM-307,20181030.0,B03,20181030,30.0,16.0,mm,0.12045878996916319,0.9984301022581002
od00597,Atopobium parvulum CC14Z BEI HM-1035,20181030.0,C04,20181030,30.0,16.0,mm,0.10360147707657244,0.9974210122751287
od00598,Atopobium parvulum CC14Z BEI HM-1035,20181030.0,C05,20181030,30.0,16.0,mm,0.10150125233140711,0.9971532794593544
od00599,Atopobium parvulum CC14Z BEI HM-1035,20181030.0,C06,20181030,30.0,16.0,mm,0.09949334677237105,0.9959674435943544
od00600,Coprococcus sp. HPP0074 BEI HM-793,20181030.0,H01,20181030,30.0,16.0,pyg,0.026860884060267078,0.9795092311069872
od00601,Coprococcus sp. HPP0074 BEI HM-793,20181030.0,H02,20181030,30.0,16.0,pyg,0.03235154831933472,0.9943908102625941
od00602,Coprococcus sp. HPP0074 BEI HM-793,20181030.0,H03,20181030,30.0,16.0,pyg,0.02560043685441607,0.9962835963108964
od00603,Anaerofustis stercorihominis DSMZ 17244,20181030.0,H04,20181030,30.0,16.0,pyg,0.06925017373682907,0.9990324345133653
od00604,Anaerofustis stercorihominis DSMZ 17244,20181030.0,H05,20181030,30.0,16.0,pyg,0.06859219970692314,0.9994658570739933
od00605,Anaerofustis stercorihominis DSMZ 17244,20181030.0,H06,20181030,30.0,16.0,pyg,0.06591346323329007,0.999287195091051
od00606,Varibaculum cambriense AB12_3 BEI HM-1190,20181030.0,B10,20181030,30.0,17.0,mm,0.08439984680239197,0.9898394087550368
od00607,Varibaculum cambriense AB12_3 BEI HM-1190,20181030.0,B11,20181030,30.0,17.0,mm,0.10554859983169217,0.991573939100376
od00608,Varibaculum cambriense AB12_3 BEI HM-1190,20181030.0,B12,20181030,30.0,17.0,mm,0.07908485003642832,0.9910687876061257
od00609,Anaerococcus lactolyticus DSMZ 7456,20181030.0,D07,20181030,30.0,17.0,mm,0.06866796168848739,0.9681084190398928
od00610,Anaerococcus lactolyticus DSMZ 7456,20181030.0,D08,20181030,30.0,17.0,mm,0.07924770914865317,0.9778837217437764
od00611,Anaerococcus lactolyticus DSMZ 7456,20181030.0,D09,20181030,30.0,17.0,mm,0.08179639706111375,0.9775208548853973
od00612,Clostridium orbiscindens 1_3_50AFAA BEI HM-303,20181030.0,D10,20181030,30.0,17.0,mm,0.052585334099096485,0.9989908222685846
od00613,Clostridium orbiscindens 1_3_50AFAA BEI HM-303,20181030.0,D11,20181030,30.0,17.0,mm,0.05292586796051855,0.9990210288998925
od00614,Clostridium orbiscindens 1_3_50AFAA BEI HM-303,20181030.0,D12,20181030,30.0,17.0,mm,0.03391435789885209,0.9977553359223157
od00615,Anaerotruncus colihominis DSMZ 17241,20181030.0,G07,20181030,30.0,17.0,mm,0.02679092713617729,0.9874533977216505
od00616,Anaerotruncus colihominis DSMZ 17241,20181030.0,G08,20181030,30.0,17.0,mm,0.02805047174995656,0.9891039811689568
od00617,Anaerotruncus colihominis DSMZ 17241,20181030.0,G09,20181030,30.0,17.0,mm,0.02692203373961533,0.9879826446241354
od00618,Clostridioides difficile ATCC BAA-1801,20190228.0,A01,20190226,,17.25,bhis,0.05915417544531419,0.9901688399900676
od00619,Coprococcus eutactus ATCC 27759,20190228.0,A03,20190226,,17.25,mm,0.0,
od00620,Slackia heliotrinireducens DSMZ 20476,20190228.0,A04,20190226,,17.25,mm,0.005008369908938992,0.9559506010160446
od00621,Slackia exigua ATCC 700122,20190228.0,A05,20190226,,17.25,mm,0.023351458344773778,0.9985553042806158
od00622,media_blank,20190228.0,A06,20190226,,17.25,mml,0.011974777742316128,0.9971256261640767
od00623,Prevotella buccae D17,20190228.0,A07,20190226,,17.25,pyg,0.14520583079582847,0.9990216812141711
od00624,Clostridium perfringens,20190228.0,A08,20190226,,17.25,rcmwoa,0.068960270746784,0.9066706374693069
od00625,Clostridioides difficile ATCC BAA-1801,20190228.0,A09,20190226,,17.25,rcmwoa,0.10712443714512768,0.9945648259001234
od00626,Clostridium spiroforme DSMZ 1552 M2,20190228.0,A10,20190226,,17.25,ycfag,0.24402224143891427,0.9946445165207747
od00627,Blautia obeum ATCC 29174,20190228.0,B01,20190226,,17.25,bhis,0.0,
od00628,media_blank,20190228.0,B02,20190226,,17.25,cm,0.0,
od00629,Eggerthella lenta DSMZ 2243,20190228.0,B03,20190226,,17.25,mm,0.02658097135626176,0.9934634830706509
od00630,Desulfovibrio piger ATCC 29098 M1,20190228.0,B04,20190226,,17.25,mm,0.02850011828426699,0.9985149553953959
od00631,Desulfovibrio piger ATCC 29098 M1,20190228.0,B05,20190226,,17.25,mm_s04_citrate,0.044484561063438934,0.9987758627842981
od00632,Prevotella buccalis ATCC 35310,20190228.0,B07,20190226,,17.25,pyg,0.08297193817164925,0.9887915968580352
od00633,Clostridioides difficile M68,20190228.0,B09,20190226,,17.25,rcmwoa,0.17938790687840894,0.9995233852278559
od00634,Clostridium spiroforme DSMZ 1552 M1,20190228.0,B10,20190226,,17.25,ycfag,0.03299432185309509,0.9995371908299696
od00635,Parabacteroides merdae CL03T12C32 BEI HM-730,20190228.0,C02,20190226,,17.25,mm,0.009228670006195672,0.9926205998392854
od00636,Slackia heliotrinireducens DSMZ 20476,20190228.0,C03,20190226,,17.25,mm,0.004396288466872348,0.922269079075286
od00637,Desulfovibrio piger ATCC 29098 M2,20190228.0,C04,20190226,,17.25,mm,0.030836827407402897,0.9958077269986353
od00638,Desulfovibrio piger ATCC 29098 M2,20190228.0,C05,20190226,,17.25,mm_s04_citrate,0.047249147548507224,0.9985680678901495
od00639,Prevotella copri DSMZ 18205,20190228.0,C07,20190226,,17.25,pyg,0.1470407248564058,0.9911735151686643
od00640,Clostridium sp. KLE 1755 BEI HM-1033,20190228.0,C09,20190226,,17.25,rcmsg,0.05558046896814294,0.9923028958271748
od00641,media_blank,20190228.0,D01,20190226,,17.25,bhis,0.0,
od00642,Parabacteroides johnsonii DSMZ 18315,20190228.0,D02,20190226,,17.25,mm,0.011352367018794654,0.9950672195160151
od00643,media_blank,20190228.0,D05,20190226,,17.25,mm_s04_citrate,0.0,
od00644,media_blank,20190228.0,D06,20190226,,17.25,mms,0.028285000538661814,0.918097755323598
od00645,Prevotella oralis HGA0225 BEI HM-849,20190228.0,D07,20190226,,17.25,pyg,0.12180494028949876,0.9962712933078962
od00646,Faecalibacterium prausnitzii A2-165 DSMZ 17677,20190228.0,E01,20190226,,17.25,bhis,0.0972742094545329,0.9992054738188297
od00647,Bacteroides sp. WH2,20190228.0,E03,20190226,,17.25,mm,0.03068510762615188,0.9970615151041777
od00648,media_blank,20190228.0,E04,20190226,,17.25,mm,0.0,
od00649,Prevotella oralis CC98A BEI HM-1054,20190228.0,E07,20190226,,17.25,pyg,0.23277938209241017,0.9991589711105096
od00650,Clostridium perfringens,20190228.0,E08,20190226,,17.25,rcmwoa,0.16670668307600292,0.9949312968528649
od00651,media_blank,20190228.0,E09,20190226,,17.25,rcmsg,0.0,
od00652,Roseburia inulinivorans DSMZ 16841,20190228.0,E10,20190226,,17.25,ycfag,0.04588533610643377,0.997796143485789
od00653,Faecalibacterium prausnitzii KLE1255 BEI HM-473,20190228.0,F01,20190226,,17.25,bhis,0.03199392209908349,0.9980724903170944
od00654,media_blank,20190228.0,F08,20190226,,17.25,rcmwoa,0.0016333263676637506,0.9815025107623677
od00655,media_blank,20190228.0,F10,20190226,,17.25,ycfag,0.028378736987351452,0.987906638773172
od00656,Clostridium leptum DSMZ 753,20190228.0,G02,20190226,,17.25,mm,0.02712042170747226,0.9978579194456441
od00657,Slackia exigua ATCC 700122,20190228.0,G06,20190226,,17.25,mms,0.0,
od00658,media_blank,20190228.0,G07,20190226,,17.25,pyg,0.0,
od00659,Faecalibacterium prausnitzii A2-165 DSMZ 17677,20190228.0,G08,20190226,,17.25,rcmwoa,0.06701258184015046,0.9976940966889658
od00660,Lachnospiraceae sp. 7_1_58FAA BEI HM-153,20190228.0,G09,20190226,,17.25,rcmwoa,0.02739593146854508,0.9883680410595378
od00661,Muribaculum intestinale DSMZ 28989 YL27,20190228.0,H01,20190226,,17.25,cm,0.053938705335653786,0.9931146738572078
od00662,Rothia mucilaginosa CC87LB BEI HM-1055,20190228.0,H03,20190226,,17.25,mm,0.11946342631346321,0.995895878514517
od00663,Eubacterium eligens DSMZ 3376,20190228.0,H04,20190226,,17.25,mm,0.07451002525780293,0.9989029228828762
od00664,Veillonella sp. HPA0037 BEI HM-850,20190228.0,H05,20190226,,17.25,mml,0.16058086435700636,0.9946370869252027
od00665,Clostridium perfringens,20190228.0,H07,20190226,,17.25,rcmwoa,0.1717654575362191,0.9954310646272011
od00666,Faecalibacterium prausnitzii KLE1255 BEI HM-473,20190228.0,H08,20190226,,17.25,rcmwoa,0.05884826904244933,0.9935607239268588
od00667,Bifidobacterium bifidum DSMZ 20456,20190627.0,A01,20190623,,,mm,0.06832639051596771,0.9991439705933948
od00668,Bifidobacterium pseudocatenulatum DSMZ 20438,20190627.0,A02,20190623,,,mm,0.10775140492028978,0.9982888275752858
od00669,BL23_Bifidobacterium breve BR-07,20190627.0,A03,20190623,,,mm,0.08009780568812157,0.9971117495856423
od00670,Clostridium sporogenes ATCC 15579,20190627.0,A04,20190623,,,mm,0.14658723784473587,0.9972939979518255
od00671,Bifidobacterium bifidum DSMZ 20456,20190627.0,A05,20190623,,,mrs_lac,0.039095950743990755,0.9954379867200501
od00672,Bifidobacterium pseudocatenulatum DSMZ 20438,20190627.0,A06,20190623,,,mrs_lac,0.12603182725304263,0.9920768248347002
od00673,BL23_Bifidobacterium breve BR-07,20190627.0,A07,20190623,,,mrs_lac,0.01998389778077564,0.9996769704065724
od00674,Bifidobacterium pseudocatenulatum DSMZ 20438,20190627.0,A10,20190623,,,mrs_hmo,0.094442960228458,0.9922809356564053
od00675,BL23_Bifidobacterium breve BR-07,20190627.0,A11,20190623,,,mrs_hmo,0.03123942541572939,0.993810174816973
od00676,Bifidobacterium breve DSMZ 20213,20190627.0,B01,20190623,,,mm,0.10906600266905167,0.9919559713606528
od00677,Bifidobacterium gallicum DSMZ 20093,20190627.0,B02,20190623,,,mm,0.06304673202895116,0.9993091950818943
od00678,BL3_Bifidobacterium longum subsp. infantis TPY12-1,20190627.0,B03,20190623,,,mm,0.060716876888313065,0.9992547575554607
od00679,Bifidobacterium breve DSMZ 20213,20190627.0,B05,20190623,,,mrs_lac,0.1487547855352986,0.9983883878703066
od00680,BL3_Bifidobacterium longum subsp. infantis TPY12-1,20190627.0,B07,20190623,,,mrs_lac,0.20267838605894606,0.9989125670449628
od00681,Bifidobacterium breve DSMZ 20213,20190627.0,B09,20190623,,,mrs_hmo,0.0932132078022151,0.9992827291573068
od00682,BL3_Bifidobacterium longum subsp. infantis TPY12-1,20190627.0,B11,20190623,,,mrs_hmo,0.0726093022087382,0.9929889179599691
od00683,Bifidobacterium infantis ATCC 15697,20190627.0,C01,20190623,,,mm,0.036123333626287904,0.9917452786546151
od00684,BL4_Bifidobacterium bifidum NCIMB 41171,20190627.0,C02,20190623,,,mm,0.06170832441366509,0.9975512182299431
od00685,BL12_Bifidobacterium longum subsp. infantis TPY12-1,20190627.0,C03,20190623,,,mm,0.06723610574719179,0.9987528779793335
od00686,Bifidobacterium infantis ATCC 15697,20190627.0,C05,20190623,,,mrs_lac,0.06338762042882984,0.9771954101427073
od00687,BL4_Bifidobacterium bifidum NCIMB 41171,20190627.0,C06,20190623,,,mrs_lac,0.09996616663205989,0.9927759672405315
od00688,BL12_Bifidobacterium longum subsp. infantis TPY12-1,20190627.0,C07,20190623,,,mrs_lac,0.21639451531371814,0.9990551660058143
od00689,Bifidobacterium infantis ATCC 15697,20190627.0,C09,20190623,,,mrs_hmo,0.02012753402201674,0.9217148318656142
od00690,BL4_Bifidobacterium bifidum NCIMB 41171,20190627.0,C10,20190623,,,mrs_hmo,0.15083608523898948,0.9917210865893776
od00691,BL12_Bifidobacterium longum subsp. infantis TPY12-1,20190627.0,C11,20190623,,,mrs_hmo,0.10276092542652222,0.988945389905062
od00692,Bifidobacterium longum reuter ATCC 55813,20190627.0,D01,20190623,,,mm,0.07686380312280755,0.9848038528530685
od00693,BL11_Bifidobacterium bifidum NCIMB 41171,20190627.0,D02,20190623,,,mm,0.07227525863089719,0.9972541022518812
od00694,BL27_Bifidobacterium longum subsp. Infantis TPY12-1,20190627.0,D03,20190623,,,mm,0.07762610163374349,0.99912165228269
od00695,Bifidobacterium longum reuter ATCC 55813,20190627.0,D05,20190623,,,mrs_lac,0.0833607723826997,0.9962952826692906
od00696,BL11_Bifidobacterium bifidum NCIMB 41171,20190627.0,D06,20190623,,,mrs_lac,0.07462975766526879,0.9906228709829376
od00697,BL27_Bifidobacterium longum subsp. Infantis TPY12-1,20190627.0,D07,20190623,,,mrs_lac,0.17905265984183438,0.9986432518698332
od00698,Bifidobacterium longum reuter ATCC 55813,20190627.0,D09,20190623,,,mrs_hmo,0.017818711716893056,0.9796757408812898
od00699,BL11_Bifidobacterium bifidum NCIMB 41171,20190627.0,D10,20190623,,,mrs_hmo,0.17000119961305848,0.9914972664842718
od00700,BL27_Bifidobacterium longum subsp. Infantis TPY12-1,20190627.0,D11,20190623,,,mrs_hmo,0.08700880000881649,0.9868931473802195
od00701,BL1_Bifidobacterium breve NCFB 2258,20190627.0,E02,20190623,,,mm,0.049009071896384246,0.999296727725807
od00702,BL14_Bifidobacterium longum subsp. infantis EK3,20190627.0,E03,20190623,,,mm,0.03261970885138142,0.9987575663984927
od00703,Bifidobacterium longum NCC 2705,20190627.0,E05,20190623,,,mrs_lac,0.049642311716200184,0.9977885220334965
od00704,BL1_Bifidobacterium breve NCFB 2258,20190627.0,E06,20190623,,,mrs_lac,0.09573288443082903,0.9901414297126193
od00705,BL14_Bifidobacterium longum subsp. infantis EK3,20190627.0,E07,20190623,,,mrs_lac,0.08074144250980529,0.9916919518773692
od00706,Bifidobacterium longum NCC 2705,20190627.0,E09,20190623,,,mrs_hmo,0.013120335495537821,0.9811355741358785
od00707,BL1_Bifidobacterium breve NCFB 2258,20190627.0,E10,20190623,,,mrs_hmo,0.10264037359497487,0.9984708325099397
od00708,BL14_Bifidobacterium longum subsp. infantis EK3,20190627.0,E11,20190623,,,mrs_hmo,0.07716475241990126,0.9898983597001739
od00709,Bifidobacterium angulatum DSMZ 20098,20190627.0,F01,20190623,,,mm,0.10577049923720261,0.9900740890952565
od00710,BL5_Bifidobacterium breve NCFB 2258,20190627.0,F02,20190623,,,mm,0.0721004525291128,0.9926712727756491
od00711,BL17_Bifidobacterium longum subsp. suis,20190627.0,F03,20190623,,,mm,0.07031401988583788,0.9956286932188884
od00712,Bifidobacterium angulatum DSMZ 20098,20190627.0,F05,20190623,,,mrs_lac,0.19584183372087346,0.9924863958955467
od00713,BL5_Bifidobacterium breve NCFB 2258,20190627.0,F06,20190623,,,mrs_lac,0.026798069423286247,0.9946046470125334
od00714,BL17_Bifidobacterium longum subsp. suis,20190627.0,F07,20190623,,,mrs_lac,0.0826879182208943,0.9988507349211365
od00715,Bifidobacterium angulatum DSMZ 20098,20190627.0,F09,20190623,,,mrs_hmo,0.034037488283201744,0.9887487410465351
od00716,BL5_Bifidobacterium breve NCFB 2258,20190627.0,F10,20190623,,,mrs_hmo,0.045210068187183226,0.9961626261879808
od00717,BL17_Bifidobacterium longum subsp. suis,20190627.0,F11,20190623,,,mrs_hmo,0.045845648712408246,0.9962926057582802
od00718,Bifidobacterium catenulatum DSMZ 16992,20190627.0,G01,20190623,,,mm,0.0768368172658366,0.9991509554857038
od00719,BL8_Bifidobacterium breve NCFB 2258,20190627.0,G02,20190623,,,mm,0.14232398375079314,0.9933587558241843
od00720,BL20_Bifidobacterium kashiwanohense PV20-2,20190627.0,G03,20190623,,,mm,0.027637994590923937,0.9959749850578817
od00721,Bifidobacterium catenulatum DSMZ 16992,20190627.0,G05,20190623,,,mrs_lac,0.1469787878605349,0.9960121589486731
od00722,BL8_Bifidobacterium breve NCFB 2258,20190627.0,G06,20190623,,,mrs_lac,0.22815278797521246,0.9975953205103127
od00723,BL20_Bifidobacterium kashiwanohense PV20-2,20190627.0,G07,20190623,,,mrs_lac,0.025221485482898928,0.9991053212114629
od00724,Bifidobacterium catenulatum DSMZ 16992,20190627.0,G09,20190623,,,mrs_hmo,0.01773984646100804,0.9987705395015555
od00725,BL8_Bifidobacterium breve NCFB 2258,20190627.0,G10,20190623,,,mrs_hmo,0.13706098471399572,0.984102715618353
od00726,BL20_Bifidobacterium kashiwanohense PV20-2,20190627.0,G11,20190623,,,mrs_hmo,0.07020347756841579,0.9907744267587216
od00727,Bifidobacterium dentium ATCC 27678,20190627.0,H01,20190623,,,mm,0.09806821499940058,0.9977872143661318
od00728,BL7_Bifidobacterium breve 12L,20190627.0,H02,20190623,,,mm,0.11370385523825109,0.9983600406434872
od00729,Bacteroides thetaiotaomicron VPI 5482,20190627.0,H03,20190623,,,mm,0.15496419302893438,0.9989343016663786
od00730,media_blank,20190627.0,H04,20190623,,,mm,0.0,
od00731,Bifidobacterium dentium ATCC 27678,20190627.0,H05,20190623,,,mrs_lac,0.25479769867408497,0.9848122566816611
od00732,BL7_Bifidobacterium breve 12L,20190627.0,H06,20190623,,,mrs_lac,0.10740784311978034,0.9992663693030728
od00733,Bacteroides thetaiotaomicron VPI 5482,20190627.0,H07,20190623,,,mrs_lac,0.027687889519272802,0.9968571053826647
od00734,media_blank,20190627.0,H08,20190623,,,mrs_lac,0.0,
od00735,Bifidobacterium dentium ATCC 27678,20190627.0,H09,20190623,,,mrs_hmo,0.035393377882007464,0.9946284511868337
od00736,BL7_Bifidobacterium breve 12L,20190627.0,H10,20190623,,,mrs_hmo,0.10668500352135496,0.9994994935204503
od00737,Bacteroides thetaiotaomicron VPI 5482,20190627.0,H11,20190623,,,mrs_hmo,0.006992305938253695,0.919691420390634
od00738,media_blank,20190627.0,H12,20190623,,,mrs_hmo,0.0,
od00739,Bacteroides eggerthii ATCC 27754,20191105.0,A10,20191106,40.0,,paf,0.020124441061437986,0.9997266333065539
od00740,Bacteroides eggerthii ATCC 27754,20191105.0,A11,20191106,40.0,,paf,0.016122812486716168,0.9994985109054899
od00741,Bacteroides eggerthii ATCC 27754,20191105.0,A12,20191106,40.0,,paf,0.020622710944431813,0.9934367504914745
od00742,Parabacteroides johnsonii DSMZ 18315,20191105.0,C01,20191106,40.0,,paf,0.005979028779157696,0.9968163811987922
od00743,Parabacteroides johnsonii DSMZ 18315,20191105.0,C02,20191106,40.0,,paf,0.006961704736380063,0.9984953290861247
od00744,Parabacteroides johnsonii DSMZ 18315,20191105.0,C03,20191106,40.0,,paf,0.007871152092188867,0.9989630682095128
od00745,Citrobacter portucalensis 30_2  BEI HM-34,20191105.0,D01,20191106,40.0,,paf,0.04374085794091022,0.9990895550571901
od00746,Citrobacter portucalensis 30_2  BEI HM-34,20191105.0,D02,20191106,40.0,,paf,0.041638450226840144,0.9997884903162181
od00747,Citrobacter portucalensis 30_2  BEI HM-34,20191105.0,D03,20191106,40.0,,paf,0.035086079870096126,0.9968486812867297
od00748,Providencia stuartii ATCC 25827,20191105.0,D04,20191106,40.0,,paf,0.003063730567144724,0.9832896444096548
od00749,Providencia stuartii ATCC 25827,20191105.0,D05,20191106,40.0,,paf,0.0037374601172619377,0.9779625162809412
od00750,Providencia stuartii ATCC 25827,20191105.0,D06,20191106,40.0,,paf,0.0033326843144063385,0.9809031383005712
od00751,Bacteroides uniformis ATCC 8492,20191105.0,D07,20191106,40.0,,paf,0.008558890060154862,0.998750586154905
od00752,Bacteroides uniformis ATCC 8492,20191105.0,D08,20191106,40.0,,paf,0.009195841750674793,0.9986081260806907
od00753,Bacteroides uniformis ATCC 8492,20191105.0,D09,20191106,40.0,,paf,0.00976369110672652,0.9990661884173058
od00754,Citrobacter portucalensis 4_7_47CFAA BEI HM-299,20191105.0,E01,20191106,40.0,,paf,0.04254221180707615,0.9995000649848232
od00755,Citrobacter portucalensis 4_7_47CFAA BEI HM-299,20191105.0,E02,20191106,40.0,,paf,0.03832359638411066,0.9995930904195331
od00756,Citrobacter portucalensis 4_7_47CFAA BEI HM-299,20191105.0,E03,20191106,40.0,,paf,0.03636857792181711,0.9993378786693381
od00757,Bacteroides thetaiotaomicron VPI 5482,20191105.0,E07,20191106,40.0,,paf,0.018857859064637664,0.9854528696996435
od00758,Bacteroides thetaiotaomicron VPI 5482,20191105.0,E08,20191106,40.0,,paf,0.01380621059071205,0.9766986936117643
od00759,Bacteroides thetaiotaomicron VPI 5482,20191105.0,E09,20191106,40.0,,paf,0.012748609931122697,0.9697543764799075
od00760,Citrobacter youngae ATCC 29220,20191105.0,F01,20191106,40.0,,paf,0.04738008276452777,0.9990083168075798
od00761,Citrobacter youngae ATCC 29220,20191105.0,F02,20191106,40.0,,paf,0.04374433038165857,0.999041119690308
od00762,Citrobacter youngae ATCC 29220,20191105.0,F03,20191106,40.0,,paf,0.040985475015463256,0.9995944525928399
od00763,Enterobacter cancerogenus ATCC 35316,20191105.0,F04,20191106,40.0,,paf,0.04046126524067921,0.9991058595417059
od00764,Enterobacter cancerogenus ATCC 35316,20191105.0,F05,20191106,40.0,,paf,0.04149582530623537,0.998881298123681
od00765,Enterobacter cancerogenus ATCC 35316,20191105.0,F06,20191106,40.0,,paf,0.040675661262558456,0.9993161181320123
od00766,Parabacteroides distasonis ATCC 8503,20191105.0,F07,20191106,40.0,,paf,0.016426443733488935,0.9956973565389283
od00767,Parabacteroides distasonis ATCC 8503,20191105.0,F08,20191106,40.0,,paf,0.038531453725282355,0.9876630631354133
od00768,Parabacteroides distasonis ATCC 8503,20191105.0,F09,20191106,40.0,,paf,0.031859947070151835,0.9863987931410545
od00769,Collinsella aerofaciens ATCC 25986,20191107.2,A01,20191107,24.0,12.0,mm,0.12102751181991786,0.9890808526823656
od00770,Clostridium cadaveris CC88A BEI HM-1041,20191107.2,A02,20191107,24.0,12.0,mm,0.14269919413516394,0.9979961448345299
od00771,Clostridium sporogenes ATCC 15579,20191107.2,A03,20191107,24.0,12.0,mm,0.14982708553729748,0.9944447552297513
od00772,Bacteroides eggerthii ATCC 27754,20191107.2,A04,20191107,24.0,12.0,mm,0.124289799714361,0.9974435554539193
od00773,Enterococcus faecalis TX1322 BEI HM-202,20191107.2,B01,20191107,24.0,12.0,mm,0.0,
od00774,Proteus penneri ATCC 35198,20191107.2,B02,20191107,24.0,12.0,mm,0.06023622931207915,0.9443093262332556
od00775,Fusobacterium ulcerans 12-1B BEI HM-57,20191107.2,B03,20191107,24.0,12.0,mm,0.09655452858453999,0.9924680522251139
od00776,Bacteroides finegoldii DSMZ 17565,20191107.2,B04,20191107,24.0,12.0,mm,0.11474096236292688,0.9971043919582385
od00777,Parabacteroides johnsonii DSMZ 18315,20191107.2,C01,20191107,24.0,12.0,mm,0.06854602562594919,0.9938576168600094
od00778,Providencia rustigianii DSM 4541,20191107.2,C02,20191107,24.0,12.0,mm,0.014714228662836027,0.9132699208193351
od00779,Mitsuokella multacida DSMZ 20544,20191107.2,C03,20191107,24.0,12.0,mm,0.020377873327894185,0.9734042255714688
od00780,Ruminococcus gnavus CC55_001C BEI HM-1056,20191107.2,C04,20191107,24.0,12.0,mm,0.12479074238864368,0.9974126411078039
od00781,Citrobacter portucalensis 30_2  BEI HM-34,20191107.2,D01,20191107,24.0,12.0,mm,0.10773768835049015,0.9977755425106586
od00782,Providencia stuartii ATCC 25827,20191107.2,D02,20191107,24.0,12.0,mm,0.0773254323216287,0.9969807983136318
od00783,Bacteroides uniformis ATCC 8492,20191107.2,D03,20191107,24.0,12.0,mm,0.12857673626553343,0.997439072186541
od00784,Blautia hansenii DSMZ 20583,20191107.2,D04,20191107,24.0,12.0,mm,0.03277666034929782,0.9622559619185692
od00785,Citrobacter portucalensis 4_7_47CFAA BEI HM-299,20191107.2,E01,20191107,24.0,12.0,mm,0.13815879141424608,0.9979439628006449
od00786,Clostridium perfringens WAL-14572 BEI HM-310,20191107.2,E02,20191107,24.0,12.0,mm,0.1077831276503257,0.9768655724648133
od00787,Bacteroides thetaiotaomicron VPI 5482,20191107.2,E03,20191107,24.0,12.0,mm,0.13404006763262344,0.9991017852208719
od00788,Bacteroides dorei DSMZ 17855,20191107.2,E04,20191107,24.0,12.0,mm,0.1112567190362029,0.9983192676770286
od00789,Citrobacter youngae ATCC 29220,20191107.2,F01,20191107,24.0,12.0,mm,0.12826890170553837,0.9799627028289248
od00790,Enterobacter cancerogenus ATCC 35316,20191107.2,F02,20191107,24.0,12.0,mm,0.13294762946106325,0.9940344344200108
od00791,Parabacteroides distasonis ATCC 8503,20191107.2,F03,20191107,24.0,12.0,mm,0.1288002948994367,0.9990423768183896
od00792,Clostridium cadaveris CC40_001C BEI HM-1039,20191107.2,G01,20191107,24.0,12.0,mm,0.14723099724884983,0.9786458733675782
od00793,Eubacterium rectale ATCC 33656,20191107.2,G03,20191107,24.0,12.0,mm,0.08468228955946688,0.9983888233959387
od00794,Clostridium cadaveris CC44_001G BEI HM-1040,20191107.2,H01,20191107,24.0,12.0,mm,0.14853743335848665,0.982523066426881
od00795,Fusobacterium nucleatum CTI-2 BEI HM-993,20191107.2,H02,20191107,24.0,12.0,mm,0.07311089734702504,0.9992684588056128
od00796,Collinsella aerofaciens ATCC 25986,20191107.1,A05,20191107,36.0,26.0,paf,0.01175465126772458,0.9926889911993952
od00797,Bacteroides eggerthii ATCC 27754,20191107.1,A08,20191107,36.0,26.0,paf,0.021662625134360222,0.9898088809807669
od00798,Enterococcus faecalis TX1322 BEI HM-202,20191107.1,B05,20191107,36.0,26.0,paf,0.026599450992135912,0.9883487731707956
od00799,Proteus penneri ATCC 35198,20191107.1,B06,20191107,36.0,26.0,paf,0.01945444807345438,0.9916948683595793
od00800,Bacteroides finegoldii DSMZ 17565,20191107.1,B08,20191107,36.0,26.0,paf,0.010507538684880554,0.9839391042665995
od00801,Parabacteroides johnsonii DSMZ 18315,20191107.1,C05,20191107,36.0,26.0,paf,0.005247219759000754,0.9302571155909465
od00802,Providencia rustigianii DSM 4541,20191107.1,C06,20191107,36.0,26.0,paf,0.007565504183666943,0.9980657412656263
od00803,Mitsuokella multacida DSMZ 20544,20191107.1,C07,20191107,36.0,26.0,paf,0.023402555475159077,0.9734727064496814
od00804,Ruminococcus gnavus CC55_001C BEI HM-1056,20191107.1,C08,20191107,36.0,26.0,paf,0.010333152872743112,0.9918923954427072
od00805,Citrobacter portucalensis 30_2  BEI HM-34,20191107.1,D05,20191107,36.0,26.0,paf,0.05860526410809769,0.9983003824579357
od00806,Providencia stuartii ATCC 25827,20191107.1,D06,20191107,36.0,26.0,paf,0.013371884106742171,0.9810945044670779
od00807,Bacteroides uniformis ATCC 8492,20191107.1,D07,20191107,36.0,26.0,paf,0.012704487664810549,0.9841454868078461
od00808,Blautia hansenii DSMZ 20583,20191107.1,D08,20191107,36.0,26.0,paf,0.016197979551037557,0.9902933328784067
od00809,Citrobacter portucalensis 4_7_47CFAA BEI HM-299,20191107.1,E05,20191107,36.0,26.0,paf,0.04294300567525344,0.9921136438547933
od00810,Bacteroides thetaiotaomicron VPI 5482,20191107.1,E07,20191107,36.0,26.0,paf,0.03101320397422616,0.991070750599471
od00811,Bacteroides dorei DSMZ 17855,20191107.1,E08,20191107,36.0,26.0,paf,0.034732530820247735,0.9946988196973583
od00812,Citrobacter youngae ATCC 29220,20191107.1,F05,20191107,36.0,26.0,paf,0.0518122233132089,0.9982149219920399
od00813,Enterobacter cancerogenus ATCC 35316,20191107.1,F06,20191107,36.0,26.0,paf,0.04589200764082211,0.9976765289902592
od00814,Parabacteroides distasonis ATCC 8503,20191107.1,F07,20191107,36.0,26.0,paf,0.009531237427480108,0.9647225714360956
od00815,Eubacterium eligens DSMZ 3376,20200208.0,A01,20200207,32.0,12.0,mm,0.03830367651728522,0.9949329121427618
od00816,Eubacterium eligens DSMZ 3376,20200208.0,A02,20200207,32.0,12.0,mm,0.058684281509774845,0.9953603744805505
od00817,Eubacterium eligens DSMZ 3376,20200208.0,A03,20200207,32.0,12.0,mm,0.05946995810448679,0.9926083050144154
od00818,Lachnospiraceae sp. 1_4_56FAA BEI HM-161,20200208.0,A04,20200207,32.0,12.0,mm,0.04806107388999763,0.9955132427257356
od00819,Lachnospiraceae sp. 1_4_56FAA BEI HM-161,20200208.0,A05,20200207,32.0,12.0,mm,0.05137940889295966,0.9960541012284015
od00820,Lachnospiraceae sp. 1_4_56FAA BEI HM-161,20200208.0,A06,20200207,32.0,12.0,mm,0.05075039556540556,0.9957680437122959
od00821,Bifidobacterium longum reuter ATCC 55813,20200208.0,A07,20200207,32.0,12.0,mm,0.12812289341496197,0.9876454572484051
od00822,Bifidobacterium longum reuter ATCC 55813,20200208.0,A08,20200207,32.0,12.0,mm,0.16014803251972032,0.988099883410812
od00823,Bifidobacterium longum reuter ATCC 55813,20200208.0,A09,20200207,32.0,12.0,mm,0.15430821453099505,0.9874936571788633
od00824,Facklamia sp. HGF4 BEI HM-289,20200208.0,B01,20200207,32.0,12.0,mm,0.048203672854095,0.9911830630425531
od00825,Facklamia sp. HGF4 BEI HM-289,20200208.0,B02,20200207,32.0,12.0,mm,0.04648871139518711,0.9933426335300816
od00826,Facklamia sp. HGF4 BEI HM-289,20200208.0,B03,20200207,32.0,12.0,mm,0.046859002736445096,0.9933196531930909
od00827,Streptococcus parasanguinis CC87K BEI HM-1060,20200208.0,B04,20200207,32.0,12.0,mm,0.13734822207302996,0.9958586884299739
od00828,Streptococcus parasanguinis CC87K BEI HM-1060,20200208.0,B05,20200207,32.0,12.0,mm,0.13916192225806168,0.9939077513512037
od00829,Streptococcus parasanguinis CC87K BEI HM-1060,20200208.0,B06,20200207,32.0,12.0,mm,0.13813590124996228,0.9962404866331801
od00830,Escherichia coli MG-1655 ATCC 7000926,20200208.0,B07,20200207,32.0,12.0,mm,0.1336671992784078,0.9974754132651092
od00831,Escherichia coli MG-1655 ATCC 7000926,20200208.0,B08,20200207,32.0,12.0,mm,0.1257680019464923,0.9970270846703402
od00832,Escherichia coli MG-1655 ATCC 7000926,20200208.0,B09,20200207,32.0,12.0,mm,0.12964419440522362,0.9973569694394319
od00833,Collinsella aerofaciens ATCC 25986,20200208.0,C01,20200207,32.0,12.0,mm,0.151438255518684,0.9864015265016047
od00834,Collinsella aerofaciens ATCC 25986,20200208.0,C02,20200207,32.0,12.0,mm,0.15294460724669115,0.9872023346978633
od00835,Collinsella aerofaciens ATCC 25986,20200208.0,C03,20200207,32.0,12.0,mm,0.15079032907469536,0.9895211347915436
od00836,Clostridium hathewayi WAL-18680 BEI HM-308,20200208.0,C04,20200207,32.0,12.0,mm,0.1318704561769221,0.9933616861342521
od00837,Clostridium hathewayi WAL-18680 BEI HM-308,20200208.0,C05,20200207,32.0,12.0,mm,0.1457166830017105,0.9924080194238292
od00838,Clostridium hathewayi WAL-18680 BEI HM-308,20200208.0,C06,20200207,32.0,12.0,mm,0.1432205390632357,0.9923149253893542
od00839,Veillonella sp. HPA0037 BEI HM-850,20200208.0,C07,20200207,32.0,12.0,mm,0.02160854713246725,0.9968943748445963
od00840,Veillonella sp. HPA0037 BEI HM-850,20200208.0,C08,20200207,32.0,12.0,mm,0.021541706452878815,0.9962531941093434
od00841,Veillonella sp. HPA0037 BEI HM-850,20200208.0,C09,20200207,32.0,12.0,mm,0.023094933061241506,0.9966718005990514
od00842,Bifidobacterium breve DSMZ 20213,20200208.0,D01,20200207,32.0,12.0,mm,0.11755844399796575,0.9932648986165501
od00843,Bifidobacterium breve DSMZ 20213,20200208.0,D02,20200207,32.0,12.0,mm,0.1262494395129034,0.992107307537565
od00844,Bifidobacterium breve DSMZ 20213,20200208.0,D03,20200207,32.0,12.0,mm,0.12259292374682251,0.992904709341792
od00845,Dorea longicatena DSMZ 13814,20200208.0,D04,20200207,32.0,12.0,mm,0.17690532058153738,0.9853618842175159
od00846,Dorea longicatena DSMZ 13814,20200208.0,D05,20200207,32.0,12.0,mm,0.1914461046836646,0.9802132902843906
od00847,Dorea longicatena DSMZ 13814,20200208.0,D06,20200207,32.0,12.0,mm,0.1922352753456101,0.9816511673700042
od00848,Lactobacillus reuteri F275 ATCC 23272,20200208.0,D07,20200207,32.0,12.0,mm,0.10037295801309357,0.9954108914427823
od00849,Lactobacillus reuteri F275 ATCC 23272,20200208.0,D08,20200207,32.0,12.0,mm,0.09452814335449068,0.997777135722409
od00850,Lactobacillus reuteri F275 ATCC 23272,20200208.0,D09,20200207,32.0,12.0,mm,0.09727548621086454,0.9976829602723567
od00851,Lactobacillus paracasei subspecies paracasei ATCC BAA-52,20200208.0,E07,20200207,32.0,12.0,mm,0.13622573120678677,0.9907788331187661
od00852,Lactobacillus paracasei subspecies paracasei ATCC BAA-52,20200208.0,E08,20200207,32.0,12.0,mm,0.13259028702402817,0.9950165626377405
od00853,Lactobacillus paracasei subspecies paracasei ATCC BAA-52,20200208.0,E09,20200207,32.0,12.0,mm,0.12763713689374084,0.9953902567522914
od00854,Slackia exigua ATCC 700122,20200208.0,F01,20200207,32.0,12.0,mm,0.0,
od00855,Slackia exigua ATCC 700122,20200208.0,F02,20200207,32.0,12.0,mm,0.0,
od00856,Slackia exigua ATCC 700122,20200208.0,F03,20200207,32.0,12.0,mm,0.0,
od00857,Coprococcus sp. HPP0074 BEI HM-793,20200208.0,F04,20200207,32.0,12.0,mm,0.08770356983453817,0.9934611045519625
od00858,Coprococcus sp. HPP0074 BEI HM-793,20200208.0,F05,20200207,32.0,12.0,mm,0.08497657371746521,0.9943521424210083
od00859,Coprococcus sp. HPP0074 BEI HM-793,20200208.0,F06,20200207,32.0,12.0,mm,0.08557072336517159,0.9935641400519719
od00860,Mitsuokella multacida DSMZ 20544,20200208.0,G01,20200207,32.0,12.0,mm,0.052786259704555895,0.9961909615088975
od00861,Mitsuokella multacida DSMZ 20544,20200208.0,G02,20200207,32.0,12.0,mm,0.05677133859184573,0.9972715875609468
od00862,Mitsuokella multacida DSMZ 20544,20200208.0,G03,20200207,32.0,12.0,mm,0.06324043009846114,0.997639242691278
od00863,Bacteroides fragilis NCTC 9343,20200208.0,G04,20200207,32.0,12.0,mm,0.022351197237697754,0.9882605102140485
od00864,Bacteroides fragilis NCTC 9343,20200208.0,G05,20200207,32.0,12.0,mm,0.022170728501734512,0.9879349912450806
od00865,Bacteroides fragilis NCTC 9343,20200208.0,G06,20200207,32.0,12.0,mm,0.022212747607057833,0.9881629366984198
od00866,Eggerthella lenta DSMZ 2243,20200208.0,G07,20200207,32.0,12.0,mm,0.024883406337048993,0.9941048459073956
od00867,Eggerthella lenta DSMZ 2243,20200208.0,G08,20200207,32.0,12.0,mm,0.027236751719108523,0.9927747177198302
od00868,Eggerthella lenta DSMZ 2243,20200208.0,G09,20200207,32.0,12.0,mm,0.026798003614127836,0.9934411339699634
od00869,Bifidobacterium catenulatum DSMZ 16992,20200208.0,H04,20200207,32.0,12.0,mm,0.1381283795985602,0.989459287923031
od00870,Bifidobacterium catenulatum DSMZ 16992,20200208.0,H05,20200207,32.0,12.0,mm,0.12063882674650608,0.9895311242572667
od00871,Bifidobacterium catenulatum DSMZ 16992,20200208.0,H06,20200207,32.0,12.0,mm,0.13805416094190076,0.9894280413700404
